会员编号,股票代码,股票名称,交易类型,交易量,股票价格,总股价,交易手续费,交易状态,交易日期
1955120718,PPE,越南电力油气咨询工程公司,出售,51200,6.00,307200.00,3072.00,交易锁定,"2016-07-02 20:16:53"
195607102,PPE,越南电力油气咨询工程公司,出售,255,6.00,1530.00,15.30,交易锁定,"2016-07-02 20:16:51"
19631120,PPE,越南电力油气咨询工程公司,出售,87323,5.00,436615.00,4366.15,交易锁定,"2016-07-02 16:31:51"
195607106,PPE,越南电力油气咨询工程公司,出售,65265,5.00,326325.00,3263.25,交易锁定,"2016-07-02 16:31:51"
195607103,PPE,越南电力油气咨询工程公司,出售,40954,5.00,204770.00,2047.70,交易锁定,"2016-07-02 16:31:48"
27267278,PPE,越南电力油气咨询工程公司,出售,10000,5.00,50000.00,500.00,交易锁定,"2016-07-02 16:31:48"
001288,PPE,越南电力油气咨询工程公司,出售,4128,5.00,20640.00,206.40,交易锁定,"2016-07-02 16:31:47"
19951878,HPM,皇富矿业,购买,2409,5.17,12454.53,0.00,交易锁定,"2016-07-01 15:59:43"
20150178,PPE,越南电力油气咨询工程公司,购买,5000,4.00,20000.00,0.00,交易锁定,"2016-07-01 15:59:32"
20150178,PPE,越南电力油气咨询工程公司,购买,5000,4.00,20000.00,0.00,交易锁定,"2016-07-01 15:59:19"
0071729,HPM,皇富矿业,出售,3200,5.17,16544.00,165.44,交易锁定,"2016-07-01 15:59:09"
ZTX888,HPM,皇富矿业,出售,100000,5.17,517000.00,5170.00,交易锁定,"2016-07-01 15:59:03"
20150668,PPE,越南电力油气咨询工程公司,购买,3000,4.00,12000.00,0.00,交易锁定,"2016-07-01 15:58:28"
10001063,HPM,皇富矿业,出售,3000,5.17,15510.00,155.10,交易锁定,"2016-07-01 15:57:57"
283689,HPM,皇富矿业,出售,104356,5.17,539520.52,5395.21,交易锁定,"2016-07-01 15:57:47"
32575178,HPM,皇富矿业,购买,4000,5.17,20680.00,0.00,交易锁定,"2016-07-01 15:57:11"
89099729,PPE,越南电力油气咨询工程公司,购买,675,4.00,2700.00,0.00,交易锁定,"2016-07-01 15:57:00"
73247336,HPM,皇富矿业,出售,4037,5.17,20871.29,208.71,交易锁定,"2016-07-01 15:55:13"
LB696,PPE,越南电力油气咨询工程公司,出售,19935,4.00,79740.00,797.40,交易锁定,"2016-07-01 15:54:54"
98889088,HPM,皇富矿业,出售,6989,5.17,36133.13,361.33,交易锁定,"2016-07-01 15:53:58"
99988888,HPM,皇富矿业,出售,1000,5.17,5170.00,51.70,交易锁定,"2016-07-01 15:53:51"
00707065,HPM,皇富矿业,出售,10000,5.17,51700.00,517.00,交易锁定,"2016-07-01 15:52:54"
37124905,HPM,皇富矿业,购买,4349,5.17,22484.33,0.00,交易锁定,"2016-07-01 15:52:44"
76020828,PPE,越南电力油气咨询工程公司,购买,93,4.00,372.00,0.00,交易锁定,"2016-07-01 15:52:29"
YT1972,PPE,越南电力油气咨询工程公司,出售,20000,4.00,80000.00,800.00,交易锁定,"2016-07-01 15:52:17"
99889988,PPE,越南电力油气咨询工程公司,出售,1800,4.00,7200.00,72.00,交易锁定,"2016-07-01 15:51:23"
00707065,HPM,皇富矿业,出售,10000,5.17,51700.00,517.00,交易锁定,"2016-07-01 15:51:08"
80607777,PPE,越南电力油气咨询工程公司,出售,500,4.00,2000.00,20.00,交易锁定,"2016-07-01 15:50:50"
79582378,PPE,越南电力油气咨询工程公司,购买,12500,4.00,50000.00,0.00,交易锁定,"2016-07-01 15:50:46"
66189998,HPM,皇富矿业,出售,13802,5.17,71356.34,713.56,交易锁定,"2016-07-01 15:50:38"
18008001,HPM,皇富矿业,出售,5000,5.17,25850.00,258.50,交易锁定,"2016-07-01 15:50:34"
YT39717,PPE,越南电力油气咨询工程公司,购买,800,4.00,3200.00,0.00,交易锁定,"2016-07-01 15:50:23"
LBL,HPM,皇富矿业,购买,18,5.17,93.06,0.00,交易锁定,"2016-07-01 15:50:17"
42090418,PPE,越南电力油气咨询工程公司,购买,10000,4.00,40000.00,0.00,交易锁定,"2016-07-01 15:50:13"
HFX008,HPM,皇富矿业,购买,20000,5.17,103400.00,0.00,交易锁定,"2016-07-01 15:50:06"
8890282,PPE,越南电力油气咨询工程公司,购买,1,4.00,4.00,0.00,交易锁定,"2016-07-01 15:49:52"
86466918,PPE,越南电力油气咨询工程公司,出售,98746,4.00,394984.00,3949.84,交易锁定,"2016-07-01 15:49:45"
P96372179,HPM,皇富矿业,出售,6263,5.17,32379.71,323.80,交易锁定,"2016-07-01 15:49:24"
8890282,HPM,皇富矿业,购买,709,5.17,3665.53,0.00,交易锁定,"2016-07-01 15:49:15"
K85381818,HPM,皇富矿业,出售,2557,5.17,13219.69,132.20,交易锁定,"2016-07-01 15:49:13"
44063697,HPM,皇富矿业,出售,1152,5.17,5955.84,59.56,交易锁定,"2016-07-01 15:49:08"
P777888,PPE,越南电力油气咨询工程公司,购买,1,4.00,4.00,0.00,交易锁定,"2016-07-01 15:48:40"
283689,HPM,皇富矿业,出售,20000,5.17,103400.00,1034.00,交易锁定,"2016-07-01 15:48:23"
32575178,HPM,皇富矿业,购买,5150,5.17,26625.50,0.00,交易锁定,"2016-07-01 15:48:18"
WSC001,HPM,皇富矿业,购买,19,5.17,98.23,0.00,交易锁定,"2016-07-01 15:48:07"
YW7813,PPE,越南电力油气咨询工程公司,出售,47501,4.00,190004.00,1900.04,交易锁定,"2016-07-01 15:48:00"
18926938,PPE,越南电力油气咨询工程公司,出售,7657,4.00,30628.00,306.28,交易锁定,"2016-07-01 15:47:46"
24949169,HPM,皇富矿业,出售,65908,5.17,340744.36,3407.44,交易锁定,"2016-07-01 15:47:26"
LXD118,HPM,皇富矿业,购买,18883,5.17,97625.11,0.00,交易锁定,"2016-07-01 15:47:08"
33995460,PPE,越南电力油气咨询工程公司,出售,10984,4.00,43936.00,439.36,交易锁定,"2016-07-01 15:46:51"
28258957,HPM,皇富矿业,出售,324,5.17,1675.08,16.75,交易锁定,"2016-07-01 15:46:39"
00707065,HPM,皇富矿业,出售,50000,5.17,258500.00,2585.00,交易锁定,"2016-07-01 15:46:32"
001001911,PPE,越南电力油气咨询工程公司,购买,1000,4.00,4000.00,0.00,交易锁定,"2016-07-01 15:46:10"
ZH9168,PPE,越南电力油气咨询工程公司,出售,125410,4.00,501640.00,5016.40,交易锁定,"2016-07-01 15:46:10"
P01594981,PPE,越南电力油气咨询工程公司,出售,839,4.00,3356.00,33.56,交易锁定,"2016-07-01 15:45:48"
60004839,PPE,越南电力油气咨询工程公司,购买,1,4.00,4.00,0.00,交易锁定,"2016-07-01 15:45:42"
13478007,PPE,越南电力油气咨询工程公司,出售,7609,4.00,30436.00,304.36,交易锁定,"2016-07-01 15:45:32"
K91204402,PPE,越南电力油气咨询工程公司,出售,37000,4.00,148000.00,1480.00,交易锁定,"2016-07-01 15:45:22"
YT39717,PPE,越南电力油气咨询工程公司,购买,1,4.00,4.00,0.00,交易锁定,"2016-07-01 15:45:12"
yt072,PPE,越南电力油气咨询工程公司,购买,652,4.00,2608.00,0.00,交易锁定,"2016-07-01 15:44:59"
YT7977,PPE,越南电力油气咨询工程公司,出售,10000,4.00,40000.00,400.00,交易锁定,"2016-07-01 15:44:48"
WSC001,PPE,越南电力油气咨询工程公司,出售,133,4.00,532.00,5.32,交易锁定,"2016-07-01 15:44:40"
106120,PPE,越南电力油气咨询工程公司,出售,4946,4.00,19784.00,197.84,交易锁定,"2016-07-01 15:44:16"
319,PPE,越南电力油气咨询工程公司,出售,3904,4.00,15616.00,156.16,交易锁定,"2016-07-01 15:43:55"
52852899,HPM,皇富矿业,出售,6123,5.17,31655.91,316.56,交易锁定,"2016-07-01 15:43:23"
YW998813,HPM,皇富矿业,购买,3412,5.17,17640.04,0.00,交易锁定,"2016-07-01 15:43:17"
LWY001,PPE,越南电力油气咨询工程公司,出售,3350,4.00,13400.00,134.00,交易锁定,"2016-07-01 15:43:17"
31138977,PPE,越南电力油气咨询工程公司,购买,245,4.00,980.00,0.00,交易锁定,"2016-07-01 15:42:57"
43146748,HPM,皇富矿业,出售,2000,5.17,10340.00,103.40,交易锁定,"2016-07-01 15:42:36"
51851899,HPM,皇富矿业,出售,56,5.17,289.52,2.90,交易锁定,"2016-07-01 15:42:21"
20150668,PPE,越南电力油气咨询工程公司,购买,15000,4.00,60000.00,0.00,交易锁定,"2016-07-01 15:42:14"
P20150616,HPM,皇富矿业,出售,13188,5.17,68181.96,681.82,交易锁定,"2016-07-01 15:42:11"
012923,PPE,越南电力油气咨询工程公司,出售,6201,4.00,24804.00,248.04,交易锁定,"2016-07-01 15:42:08"
39511368,HPM,皇富矿业,出售,2309,5.17,11937.53,119.38,交易锁定,"2016-07-01 15:41:23"
52016899,HPM,皇富矿业,出售,6270,5.17,32415.90,324.16,交易锁定,"2016-07-01 15:41:17"
YT6619,HPM,皇富矿业,购买,10000,5.17,51700.00,0.00,交易锁定,"2016-07-01 15:41:04"
8030663,HPM,皇富矿业,出售,1088,5.17,5624.96,56.25,交易锁定,"2016-07-01 15:41:03"
99996121,PPE,越南电力油气咨询工程公司,购买,75,4.00,300.00,0.00,交易锁定,"2016-07-01 15:40:46"
YW889913,PPE,越南电力油气咨询工程公司,出售,3140,4.00,12560.00,125.60,交易锁定,"2016-07-01 15:40:42"
79582378,PPE,越南电力油气咨询工程公司,购买,25000,4.00,100000.00,0.00,交易锁定,"2016-07-01 15:40:21"
90629347,PPE,越南电力油气咨询工程公司,购买,15,4.00,60.00,0.00,交易锁定,"2016-07-01 15:40:08"
26126502,PPE,越南电力油气咨询工程公司,购买,1,4.00,4.00,0.00,交易锁定,"2016-07-01 15:40:02"
jbj01,HPM,皇富矿业,购买,2000,5.17,10340.00,0.00,交易锁定,"2016-07-01 15:39:31"
15177,HPM,皇富矿业,购买,237,5.17,1225.29,0.00,交易锁定,"2016-07-01 15:39:25"
68365643,PPE,越南电力油气咨询工程公司,购买,1,4.00,4.00,0.00,交易锁定,"2016-07-01 15:39:17"
PZY008,PPE,越南电力油气咨询工程公司,出售,8586,4.00,34344.00,343.44,交易锁定,"2016-07-01 15:39:16"
lqd001,PPE,越南电力油气咨询工程公司,购买,35,4.00,140.00,0.00,交易锁定,"2016-07-01 15:39:09"
68365643,HPM,皇富矿业,出售,18631,5.17,96322.27,963.22,交易锁定,"2016-07-01 15:38:59"
99996121,PPE,越南电力油气咨询工程公司,购买,250,4.00,1000.00,0.00,交易锁定,"2016-07-01 15:38:46"
20150668,PPE,越南电力油气咨询工程公司,购买,2000,4.00,8000.00,0.00,交易锁定,"2016-07-01 15:38:15"
19740506,HPM,皇富矿业,出售,12,5.17,62.04,0.62,交易锁定,"2016-07-01 15:37:22"
881936,HPM,皇富矿业,购买,96,5.17,496.32,0.00,交易锁定,"2016-07-01 15:37:19"
55278232,PPE,越南电力油气咨询工程公司,购买,1,4.00,4.00,0.00,交易锁定,"2016-07-01 15:37:17"
CHZ008,PPE,越南电力油气咨询工程公司,出售,1000,4.00,4000.00,40.00,交易锁定,"2016-07-01 15:37:15"
5188,HPM,皇富矿业,购买,19,5.17,98.23,0.00,交易锁定,"2016-07-01 15:37:15"
wc1992,PPE,越南电力油气咨询工程公司,出售,3950,4.00,15800.00,158.00,交易锁定,"2016-07-01 15:36:36"
YT702728,PPE,越南电力油气咨询工程公司,出售,3428,4.00,13712.00,137.12,交易锁定,"2016-07-01 15:36:35"
55278232,HPM,皇富矿业,购买,5703,5.17,29484.51,0.00,交易锁定,"2016-07-01 15:36:15"
CHZ008,PPE,越南电力油气咨询工程公司,出售,5000,4.00,20000.00,200.00,交易锁定,"2016-07-01 15:36:03"
71169973,HPM,皇富矿业,出售,20163,5.17,104242.71,1042.43,交易锁定,"2016-07-01 15:36:01"
P20150616,PPE,越南电力油气咨询工程公司,出售,5000,4.00,20000.00,200.00,交易锁定,"2016-07-01 15:35:51"
34976899,PPE,越南电力油气咨询工程公司,购买,2679,4.00,10716.00,0.00,交易锁定,"2016-07-01 15:35:49"
11689266,PPE,越南电力油气咨询工程公司,出售,209318,4.00,837272.00,8372.72,交易锁定,"2016-07-01 15:35:37"
8885813,PPE,越南电力油气咨询工程公司,出售,10000,4.00,40000.00,400.00,交易锁定,"2016-07-01 15:35:37"
18008141,HPM,皇富矿业,购买,97,5.17,501.49,0.00,交易锁定,"2016-07-01 15:35:29"
43146748,HPM,皇富矿业,出售,2000,5.17,10340.00,103.40,交易锁定,"2016-07-01 15:35:27"
LJL003,PPE,越南电力油气咨询工程公司,购买,1,4.00,4.00,0.00,交易锁定,"2016-07-01 15:35:23"
K83759256,PPE,越南电力油气咨询工程公司,购买,3588,4.00,14352.00,0.00,交易锁定,"2016-07-01 15:35:22"
cx,HPM,皇富矿业,出售,19960,5.17,103193.20,1031.93,交易锁定,"2016-07-01 15:34:53"
88666688,PPE,越南电力油气咨询工程公司,购买,21009,4.00,84036.00,0.00,交易锁定,"2016-07-01 15:34:40"
20160410,PPE,越南电力油气咨询工程公司,购买,1500,4.00,6000.00,0.00,交易锁定,"2016-07-01 15:34:39"
80606666,PPE,越南电力油气咨询工程公司,出售,557824,4.00,2231296.00,22312.96,交易锁定,"2016-07-01 15:34:34"
81655658,PPE,越南电力油气咨询工程公司,出售,484,4.00,1936.00,19.36,交易锁定,"2016-07-01 15:33:55"
05050575,HPM,皇富矿业,购买,2000,5.17,10340.00,0.00,交易锁定,"2016-07-01 15:33:30"
lrf1688,HPM,皇富矿业,购买,8,5.17,41.36,0.00,交易锁定,"2016-07-01 15:33:21"
25598923,HPM,皇富矿业,购买,1,5.17,5.17,0.00,交易锁定,"2016-07-01 15:33:16"
LYZ008,PPE,越南电力油气咨询工程公司,出售,236,4.00,944.00,9.44,交易锁定,"2016-07-01 15:33:07"
K87557414,PPE,越南电力油气咨询工程公司,出售,10000,4.00,40000.00,400.00,交易锁定,"2016-07-01 15:32:52"
YT6255,PPE,越南电力油气咨询工程公司,出售,10000,4.00,40000.00,400.00,交易锁定,"2016-07-01 15:32:50"
74580998,PPE,越南电力油气咨询工程公司,出售,13631,4.00,54524.00,545.24,交易锁定,"2016-07-01 15:32:48"
P22090513,PPE,越南电力油气咨询工程公司,出售,7949,4.00,31796.00,317.96,交易锁定,"2016-07-01 15:32:45"
P43530212,PPE,越南电力油气咨询工程公司,出售,9772,4.00,39088.00,390.88,交易锁定,"2016-07-01 15:32:41"
86375460,PPE,越南电力油气咨询工程公司,出售,134097,4.00,536388.00,5363.88,交易锁定,"2016-07-01 15:32:40"
27267278,PPE,越南电力油气咨询工程公司,出售,5000,4.00,20000.00,200.00,交易锁定,"2016-07-01 15:32:33"
25598923,HPM,皇富矿业,购买,4671,5.17,24149.07,0.00,交易锁定,"2016-07-01 15:32:31"
63871635,HPM,皇富矿业,购买,612,5.17,3164.04,0.00,交易锁定,"2016-07-01 15:32:05"
25382621,HPM,皇富矿业,出售,34079,5.17,176188.43,1761.88,交易锁定,"2016-07-01 15:31:40"
18003538,HPM,皇富矿业,购买,581,5.17,3003.77,0.00,交易锁定,"2016-07-01 15:31:39"
YW39613,PPE,越南电力油气咨询工程公司,购买,8618,4.00,34472.00,0.00,交易锁定,"2016-07-01 15:31:29"
05050575,PPE,越南电力油气咨询工程公司,购买,1500,4.00,6000.00,0.00,交易锁定,"2016-07-01 15:31:28"
YT5796,PPE,越南电力油气咨询工程公司,购买,3000,4.00,12000.00,0.00,交易锁定,"2016-07-01 15:30:40"
568863,HPM,皇富矿业,出售,2320,5.17,11994.40,119.94,交易锁定,"2016-07-01 15:30:28"
168863,HPM,皇富矿业,出售,11232,5.17,58069.44,580.69,交易锁定,"2016-07-01 15:30:11"
WCJ,PPE,越南电力油气咨询工程公司,出售,167023,4.00,668092.00,6680.92,交易锁定,"2016-07-01 15:30:01"
LYY001,HPM,皇富矿业,出售,35680,5.17,184465.60,1844.66,交易锁定,"2016-07-01 15:29:23"
3326,PPE,越南电力油气咨询工程公司,出售,8773,4.00,35092.00,350.92,交易锁定,"2016-07-01 15:29:17"
55555889,PPE,越南电力油气咨询工程公司,出售,11378,4.00,45512.00,455.12,交易锁定,"2016-07-01 15:29:13"
9551122,PPE,越南电力油气咨询工程公司,购买,92796,4.00,371184.00,0.00,交易锁定,"2016-07-01 15:28:43"
87551668,PPE,越南电力油气咨询工程公司,出售,3420,4.00,13680.00,136.80,交易锁定,"2016-07-01 15:28:36"
6986,PPE,越南电力油气咨询工程公司,出售,9140,4.00,36560.00,365.60,交易锁定,"2016-07-01 15:28:35"
13334996,PPE,越南电力油气咨询工程公司,出售,18683,4.00,74732.00,747.32,交易锁定,"2016-07-01 15:28:32"
885813,PPE,越南电力油气咨询工程公司,出售,10800,4.00,43200.00,432.00,交易锁定,"2016-07-01 15:28:27"
885813,HPM,皇富矿业,出售,40074,5.17,207182.58,2071.83,交易锁定,"2016-07-01 15:28:03"
32637030,PPE,越南电力油气咨询工程公司,出售,22053,4.00,88212.00,882.12,交易锁定,"2016-07-01 15:28:00"
LJX118,HPM,皇富矿业,出售,49880,5.17,257879.60,2578.80,交易锁定,"2016-07-01 15:27:59"
90066211,PPE,越南电力油气咨询工程公司,出售,26570,4.00,106280.00,1062.80,交易锁定,"2016-07-01 15:27:27"
102727,PPE,越南电力油气咨询工程公司,出售,26859,4.00,107436.00,1074.36,交易锁定,"2016-07-01 15:26:59"
CQJ001,PPE,越南电力油气咨询工程公司,出售,23071,4.00,92284.00,922.84,交易锁定,"2016-07-01 15:26:26"
99568,PPE,越南电力油气咨询工程公司,出售,34042,4.00,136168.00,1361.68,交易锁定,"2016-07-01 15:26:12"
WJS003,PPE,越南电力油气咨询工程公司,购买,25000,4.00,100000.00,0.00,交易锁定,"2016-07-01 15:25:37"
WJS003,PPE,越南电力油气咨询工程公司,购买,25000,4.00,100000.00,0.00,交易锁定,"2016-07-01 15:25:36"
PLXL123,PPE,越南电力油气咨询工程公司,出售,33608,4.00,134432.00,1344.32,交易锁定,"2016-07-01 15:25:29"
53817388,HPM,皇富矿业,出售,32000,5.17,165440.00,1654.40,交易锁定,"2016-07-01 15:25:25"
27267278,PPE,越南电力油气咨询工程公司,出售,10000,4.00,40000.00,400.00,交易锁定,"2016-07-01 15:25:19"
zl1314,HPM,皇富矿业,出售,5478,5.17,28321.26,283.21,交易锁定,"2016-07-01 15:25:17"
5279,PPE,越南电力油气咨询工程公司,出售,41445,4.00,165780.00,1657.80,交易锁定,"2016-07-01 15:24:57"
54700068,HPM,皇富矿业,出售,9789,5.17,50609.13,506.09,交易锁定,"2016-07-01 15:24:45"
31138977,PPE,越南电力油气咨询工程公司,出售,62567,4.00,250268.00,2502.68,交易锁定,"2016-07-01 15:24:26"
94032353,HPM,皇富矿业,出售,10000,5.17,51700.00,517.00,交易锁定,"2016-07-01 15:24:16"
WWS002,PPE,越南电力油气咨询工程公司,购买,677,4.00,2708.00,0.00,交易锁定,"2016-07-01 15:24:13"
1588,PPE,越南电力油气咨询工程公司,出售,11902,4.00,47608.00,476.08,交易锁定,"2016-07-01 15:23:51"
016107,PPE,越南电力油气咨询工程公司,出售,36846,4.00,147384.00,1473.84,交易锁定,"2016-07-01 15:23:48"
2016089,HPM,皇富矿业,出售,30776,5.17,159111.92,1591.12,交易锁定,"2016-07-01 15:23:23"
cjs6688,PPE,越南电力油气咨询工程公司,购买,10000,4.00,40000.00,0.00,交易锁定,"2016-07-01 15:23:23"
70757839,PPE,越南电力油气咨询工程公司,出售,20975,4.00,83900.00,839.00,交易锁定,"2016-07-01 15:23:18"
65503300,PPE,越南电力油气咨询工程公司,购买,7648,4.00,30592.00,0.00,交易锁定,"2016-07-01 15:23:12"
63575,PPE,越南电力油气咨询工程公司,出售,17278,4.00,69112.00,691.12,交易锁定,"2016-07-01 15:23:01"
149315319,HPM,皇富矿业,出售,10000,5.17,51700.00,517.00,交易锁定,"2016-07-01 15:23:00"
70358863,PPE,越南电力油气咨询工程公司,出售,24187,4.00,96748.00,967.48,交易锁定,"2016-07-01 15:22:59"
9830,PPE,越南电力油气咨询工程公司,出售,15970,4.00,63880.00,638.80,交易锁定,"2016-07-01 15:22:58"
55555888,PPE,越南电力油气咨询工程公司,出售,27619,4.00,110476.00,1104.76,交易锁定,"2016-07-01 15:22:26"
66890,PPE,越南电力油气咨询工程公司,出售,62612,4.00,250448.00,2504.48,交易锁定,"2016-07-01 15:22:23"
6689,PPE,越南电力油气咨询工程公司,出售,105000,4.00,420000.00,4200.00,交易锁定,"2016-07-01 15:21:48"
P86646734,PPE,越南电力油气咨询工程公司,购买,1,4.00,4.00,0.00,交易锁定,"2016-07-01 15:21:40"
11055925,PPE,越南电力油气咨询工程公司,出售,42781,4.00,171124.00,1711.24,交易锁定,"2016-07-01 15:21:06"
P29984343,HPM,皇富矿业,出售,3976,5.17,20555.92,205.56,交易锁定,"2016-07-01 15:21:06"
172246,HPM,皇富矿业,出售,2560,5.17,13235.20,132.35,交易锁定,"2016-07-01 15:20:36"
665808,PPE,越南电力油气咨询工程公司,出售,35713,4.00,142852.00,1428.52,交易锁定,"2016-07-01 15:20:04"
P16660869,HPM,皇富矿业,出售,6024,5.17,31144.08,311.44,交易锁定,"2016-07-01 15:20:03"
55278231,PPE,越南电力油气咨询工程公司,出售,167892,4.00,671568.00,6715.68,交易锁定,"2016-07-01 15:19:53"
66845528,PPE,越南电力油气咨询工程公司,购买,4812,4.00,19248.00,0.00,交易锁定,"2016-07-01 15:19:08"
YT3399,HPM,皇富矿业,出售,16687,5.17,86271.79,862.72,交易锁定,"2016-07-01 15:18:35"
K84778508,HPM,皇富矿业,出售,1401,5.17,7243.17,72.43,交易锁定,"2016-07-01 15:18:13"
47742968,PPE,越南电力油气咨询工程公司,出售,9598,4.00,38392.00,383.92,交易锁定,"2016-07-01 15:18:08"
P168168168,PPE,越南电力油气咨询工程公司,出售,83,4.00,332.00,3.32,交易锁定,"2016-07-01 15:17:50"
66845528,HPM,皇富矿业,出售,25100,5.17,129767.00,1297.67,交易锁定,"2016-07-01 15:17:47"
P03404839,PPE,越南电力油气咨询工程公司,出售,4622,4.00,18488.00,184.88,交易锁定,"2016-07-01 15:17:29"
8885813,PPE,越南电力油气咨询工程公司,出售,42533,4.00,170132.00,1701.32,交易锁定,"2016-07-01 15:17:26"
YT733767,HPM,皇富矿业,出售,1500,5.17,7755.00,77.55,交易锁定,"2016-07-01 15:17:24"
573592,HPM,皇富矿业,出售,100000,5.17,517000.00,5170.00,交易锁定,"2016-07-01 15:17:20"
27267278,PPE,越南电力油气咨询工程公司,出售,10000,4.00,40000.00,400.00,交易锁定,"2016-07-01 15:16:18"
11811899,PPE,越南电力油气咨询工程公司,出售,83,4.00,332.00,3.32,交易锁定,"2016-07-01 15:16:03"
8890281,PPE,越南电力油气咨询工程公司,出售,56600,4.00,226400.00,2264.00,交易锁定,"2016-07-01 15:15:42"
YT85213,PPE,越南电力油气咨询工程公司,出售,22480,4.00,89920.00,899.20,交易锁定,"2016-07-01 15:15:32"
"141924 ",HPM,皇富矿业,出售,2623,5.17,13560.91,135.61,交易锁定,"2016-07-01 15:14:58"
80463498,HPM,皇富矿业,出售,20645,5.17,106734.65,1067.35,交易锁定,"2016-07-01 15:14:22"
66677888,PPE,越南电力油气咨询工程公司,出售,22000,4.00,88000.00,880.00,交易锁定,"2016-07-01 15:13:59"
SYL888,PPE,越南电力油气咨询工程公司,出售,21088,4.00,84352.00,843.52,交易锁定,"2016-07-01 15:13:52"
82039666,PPE,越南电力油气咨询工程公司,出售,22367,4.00,89468.00,894.68,交易锁定,"2016-07-01 15:13:05"
44063696,HPM,皇富矿业,出售,8391,5.17,43381.47,433.81,交易锁定,"2016-07-01 15:12:43"
64025,HPM,皇富矿业,出售,2579,5.17,13333.43,133.33,交易锁定,"2016-07-01 15:11:58"
YT1555,PPE,越南电力油气咨询工程公司,出售,7000,4.00,28000.00,280.00,交易锁定,"2016-07-01 15:11:58"
691217,HPM,皇富矿业,出售,4000,5.17,20680.00,206.80,交易锁定,"2016-07-01 15:11:37"
9862,PPE,越南电力油气咨询工程公司,出售,9239,4.00,36956.00,369.56,交易锁定,"2016-07-01 15:11:26"
85098827,PPE,越南电力油气咨询工程公司,出售,2000,4.00,8000.00,80.00,交易锁定,"2016-07-01 15:10:46"
26912698,HPM,皇富矿业,出售,8158,5.17,42176.86,421.77,交易锁定,"2016-07-01 15:10:41"
92350818,HPM,皇富矿业,出售,8000,5.17,41360.00,413.60,交易锁定,"2016-07-01 15:10:09"
92350818,HPM,皇富矿业,出售,8000,5.17,41360.00,413.60,交易锁定,"2016-07-01 15:10:09"
92350818,HPM,皇富矿业,出售,8000,5.17,41360.00,413.60,交易锁定,"2016-07-01 15:10:07"
92350818,HPM,皇富矿业,出售,8000,5.17,41360.00,413.60,交易锁定,"2016-07-01 15:10:04"
8889888,PPE,越南电力油气咨询工程公司,出售,1471,4.00,5884.00,58.84,交易锁定,"2016-07-01 15:09:34"
62204589,PPE,越南电力油气咨询工程公司,出售,11535,4.00,46140.00,461.40,交易锁定,"2016-07-01 15:07:47"
44520858,HPM,皇富矿业,出售,42639,5.17,220443.63,2204.44,交易锁定,"2016-07-01 15:07:45"
zbm001,PPE,越南电力油气咨询工程公司,出售,4940,4.00,19760.00,197.60,交易锁定,"2016-07-01 15:07:44"
P88806892,PPE,越南电力油气咨询工程公司,出售,1146,4.00,4584.00,45.84,交易锁定,"2016-07-01 15:05:52"
P366888,PPE,越南电力油气咨询工程公司,出售,2277,4.00,9108.00,91.08,交易锁定,"2016-07-01 15:05:45"
00800808,PPE,越南电力油气咨询工程公司,出售,5825,4.00,23300.00,233.00,交易锁定,"2016-07-01 15:05:32"
94032353,HPM,皇富矿业,出售,10000,5.17,51700.00,517.00,交易锁定,"2016-07-01 15:05:00"
P68632757,PPE,越南电力油气咨询工程公司,出售,508,4.00,2032.00,20.32,交易锁定,"2016-07-01 15:04:45"
LJR383,PPE,越南电力油气咨询工程公司,出售,440792,4.00,1763168.00,17631.68,交易锁定,"2016-07-01 15:04:36"
76020828,HPM,皇富矿业,出售,10000,5.17,51700.00,517.00,交易锁定,"2016-07-01 15:04:12"
8889888,PPE,越南电力油气咨询工程公司,出售,1400,4.00,5600.00,56.00,交易锁定,"2016-07-01 15:03:48"
P186006,PPE,越南电力油气咨询工程公司,出售,469,4.00,1876.00,18.76,交易锁定,"2016-07-01 15:03:37"
48241798,PPE,越南电力油气咨询工程公司,购买,1,4.00,4.00,0.00,交易锁定,"2016-07-01 15:02:59"
007728,PPE,越南电力油气咨询工程公司,购买,1,4.00,4.00,0.00,交易锁定,"2016-07-01 15:02:41"
P66888888,HPM,皇富矿业,出售,8231,5.17,42554.27,425.54,交易锁定,"2016-07-01 15:02:29"
my1818,PPE,越南电力油气咨询工程公司,购买,5000,4.00,20000.00,0.00,交易锁定,"2016-07-01 15:02:14"
11812899,HPM,皇富矿业,出售,576,5.17,2977.92,29.78,交易锁定,"2016-07-01 15:02:14"
81085665,PPE,越南电力油气咨询工程公司,出售,10171,4.00,40684.00,406.84,交易锁定,"2016-07-01 15:02:09"
11812899,PPE,越南电力油气咨询工程公司,出售,553,4.00,2212.00,22.12,交易锁定,"2016-07-01 15:01:28"
48241798,HPM,皇富矿业,购买,25,5.17,129.25,0.00,交易锁定,"2016-07-01 15:01:13"
K87557414,PPE,越南电力油气咨询工程公司,出售,2521,4.00,10084.00,100.84,交易锁定,"2016-07-01 15:01:08"
90173428,PPE,越南电力油气咨询工程公司,出售,91338,4.00,365352.00,3653.52,交易锁定,"2016-07-01 15:01:00"
01361178,PPE,越南电力油气咨询工程公司,出售,31867,4.00,127468.00,1274.68,交易锁定,"2016-07-01 15:00:59"
66888888,HPM,皇富矿业,出售,15620,5.17,80755.40,807.55,交易锁定,"2016-07-01 15:00:58"
P85099849,PPE,越南电力油气咨询工程公司,出售,29958,4.00,119832.00,1198.32,交易锁定,"2016-07-01 15:00:39"
19202122,PPE,越南电力油气咨询工程公司,出售,18244,4.00,72976.00,729.76,交易锁定,"2016-07-01 15:00:07"
Y8817,PPE,越南电力油气咨询工程公司,出售,3912,4.00,15648.00,156.48,交易锁定,"2016-07-01 14:59:42"
YT1556677,PPE,越南电力油气咨询工程公司,出售,15000,4.00,60000.00,600.00,交易锁定,"2016-07-01 14:59:39"
79669999,PPE,越南电力油气咨询工程公司,出售,136726,4.00,546904.00,5469.04,交易锁定,"2016-07-01 14:59:32"
M81751990,PPE,越南电力油气咨询工程公司,出售,44876,4.00,179504.00,1795.04,交易锁定,"2016-07-01 14:59:28"
1800882,PPE,越南电力油气咨询工程公司,出售,13278,4.00,53112.00,531.12,交易锁定,"2016-07-01 14:59:24"
2825189,PPE,越南电力油气咨询工程公司,出售,769936,4.00,3079744.00,30797.44,交易锁定,"2016-07-01 14:59:07"
fsl008,PPE,越南电力油气咨询工程公司,出售,42086,4.00,168344.00,1683.44,交易锁定,"2016-07-01 14:59:06"
0856666,PPE,越南电力油气咨询工程公司,出售,452,4.00,1808.00,18.08,交易锁定,"2016-07-01 14:59:02"
46725588,PPE,越南电力油气咨询工程公司,出售,8679,4.00,34716.00,347.16,交易锁定,"2016-07-01 14:58:55"
zwm001,PPE,越南电力油气咨询工程公司,出售,15235,4.00,60940.00,609.40,交易锁定,"2016-07-01 14:58:55"
24013,HPM,皇富矿业,出售,1092,5.17,5645.64,56.46,交易锁定,"2016-07-01 14:58:32"
96481762,PPE,越南电力油气咨询工程公司,出售,3820,4.00,15280.00,152.80,交易锁定,"2016-07-01 14:54:38"
31886058,PPE,越南电力油气咨询工程公司,购买,1,4.00,4.00,0.00,交易锁定,"2016-07-01 14:53:40"
31886058,HPM,皇富矿业,出售,29449,5.17,152251.33,1522.51,交易锁定,"2016-07-01 14:53:13"
02705183,HPM,皇富矿业,出售,2993,5.17,15473.81,154.74,交易锁定,"2016-07-01 14:50:45"
34976899,HPM,皇富矿业,出售,582,5.17,3008.94,30.09,交易锁定,"2016-07-01 14:50:43"
78551812,HPM,皇富矿业,出售,100000,5.17,517000.00,5170.00,交易锁定,"2016-07-01 14:50:31"
lrq01,HPM,皇富矿业,出售,3748,5.17,19377.16,193.77,交易锁定,"2016-07-01 14:50:03"
1235468,HPM,皇富矿业,购买,1488,5.17,7692.96,0.00,交易锁定,"2016-07-01 14:49:08"
785518131,HPM,皇富矿业,出售,20000,5.17,103400.00,1034.00,交易锁定,"2016-07-01 14:48:56"
K56148340,HPM,皇富矿业,出售,1143,5.17,5909.31,59.09,交易锁定,"2016-07-01 14:47:01"
111777,HPM,皇富矿业,购买,1,5.17,5.17,0.00,交易锁定,"2016-07-01 14:46:52"
P56148340,HPM,皇富矿业,出售,4000,5.17,20680.00,206.80,交易锁定,"2016-07-01 14:46:00"
111777,HPM,皇富矿业,购买,20,5.17,103.40,0.00,交易锁定,"2016-07-01 14:45:55"
52386346,PPE,越南电力油气咨询工程公司,购买,800,4.00,3200.00,0.00,交易锁定,"2016-07-01 14:45:48"
28258957,HPM,皇富矿业,出售,10000,5.17,51700.00,517.00,交易锁定,"2016-07-01 14:45:02"
28258957,PPE,越南电力油气咨询工程公司,购买,1,4.00,4.00,0.00,交易锁定,"2016-07-01 14:44:41"
889977,HPM,皇富矿业,出售,2515,5.17,13002.55,130.03,交易锁定,"2016-07-01 14:44:24"
zmw1234,HPM,皇富矿业,出售,4825,5.17,24945.25,249.45,交易锁定,"2016-07-01 14:44:18"
zdr,PPE,越南电力油气咨询工程公司,购买,150,4.00,600.00,0.00,交易锁定,"2016-07-01 14:43:03"
81487028,HPM,皇富矿业,出售,25995,5.17,134394.15,1343.94,交易锁定,"2016-07-01 14:43:03"
168999,PPE,越南电力油气咨询工程公司,出售,981,4.00,3924.00,39.24,交易锁定,"2016-07-01 14:42:39"
YT862887,PPE,越南电力油气咨询工程公司,购买,1,4.00,4.00,0.00,交易锁定,"2016-07-01 14:42:18"
YT862887,PPE,越南电力油气咨询工程公司,购买,1,4.00,4.00,0.00,交易锁定,"2016-07-01 14:41:56"
OB2601,PPE,越南电力油气咨询工程公司,购买,1550,4.00,6200.00,0.00,交易锁定,"2016-07-01 14:41:29"
75087760,PPE,越南电力油气咨询工程公司,购买,485,4.00,1940.00,0.00,交易锁定,"2016-07-01 14:41:27"
166688,HPM,皇富矿业,出售,24627,5.17,127321.59,1273.22,交易锁定,"2016-07-01 14:40:22"
75680696,PPE,越南电力油气咨询工程公司,购买,1053,4.00,4212.00,0.00,交易锁定,"2016-07-01 14:39:54"
27084658,HPM,皇富矿业,购买,1,5.17,5.17,0.00,交易锁定,"2016-07-01 14:39:53"
35286018,PPE,越南电力油气咨询工程公司,购买,1,4.00,4.00,0.00,交易锁定,"2016-07-01 14:39:07"
21595839,HPM,皇富矿业,出售,12624,5.17,65266.08,652.66,交易锁定,"2016-07-01 14:38:56"
35286018,PPE,越南电力油气咨询工程公司,购买,125,4.00,500.00,0.00,交易锁定,"2016-07-01 14:38:48"
63263308,HPM,皇富矿业,出售,25828,5.17,133530.76,1335.31,交易锁定,"2016-07-01 14:37:08"
69524929,PPE,越南电力油气咨询工程公司,购买,850,4.00,3400.00,0.00,交易锁定,"2016-07-01 14:37:02"
69524929,PPE,越南电力油气咨询工程公司,购买,1381,4.00,5524.00,0.00,交易锁定,"2016-07-01 14:36:28"
75087760,PPE,越南电力油气咨询工程公司,购买,1232,4.00,4928.00,0.00,交易锁定,"2016-07-01 14:35:50"
YT198409,PPE,越南电力油气咨询工程公司,购买,3000,4.00,12000.00,0.00,交易锁定,"2016-07-01 14:35:03"
19580813,HPM,皇富矿业,出售,8049,5.17,41613.33,416.13,交易锁定,"2016-07-01 14:34:52"
885888,PPE,越南电力油气咨询工程公司,出售,46000,4.00,184000.00,1840.00,交易锁定,"2016-07-01 14:34:38"
17817888,PPE,越南电力油气咨询工程公司,出售,12504,4.00,50016.00,500.16,交易锁定,"2016-07-01 14:34:29"
27084658,PPE,越南电力油气咨询工程公司,出售,75074,4.00,300296.00,3002.96,交易锁定,"2016-07-01 14:34:27"
hpf666999,PPE,越南电力油气咨询工程公司,购买,137,4.00,548.00,0.00,交易锁定,"2016-07-01 14:33:02"
9800888,HPM,皇富矿业,出售,9964,5.17,51513.88,515.14,交易锁定,"2016-07-01 14:31:17"
17817899,PPE,越南电力油气咨询工程公司,出售,47537,4.00,190148.00,1901.48,交易锁定,"2016-07-01 14:30:54"
K70861238,PPE,越南电力油气咨询工程公司,购买,301,4.00,1204.00,0.00,交易锁定,"2016-07-01 14:30:39"
P15815878,PPE,越南电力油气咨询工程公司,购买,1495,4.00,5980.00,0.00,交易锁定,"2016-07-01 14:30:23"
26126502,HPM,皇富矿业,出售,1456,5.17,7527.52,75.28,交易锁定,"2016-07-01 14:29:46"
19461106,PPE,越南电力油气咨询工程公司,出售,87644,4.00,350576.00,3505.76,交易锁定,"2016-07-01 14:29:08"
LJW001,PPE,越南电力油气咨询工程公司,出售,22068,4.00,88272.00,882.72,交易锁定,"2016-07-01 14:28:56"
88866999,PPE,越南电力油气咨询工程公司,出售,10993,4.00,43972.00,439.72,交易锁定,"2016-07-01 14:28:53"
zd1234,HPM,皇富矿业,出售,10662,5.17,55122.54,551.23,交易锁定,"2016-07-01 14:28:01"
530823,PPE,越南电力油气咨询工程公司,出售,30152,4.00,120608.00,1206.08,交易锁定,"2016-07-01 14:27:54"
00100109,PPE,越南电力油气咨询工程公司,出售,87798,4.00,351192.00,3511.92,交易锁定,"2016-07-01 14:27:38"
72417517,PPE,越南电力油气咨询工程公司,出售,229541,4.00,918164.00,9181.64,交易锁定,"2016-07-01 14:27:17"
P00100109,PPE,越南电力油气咨询工程公司,出售,716,4.00,2864.00,28.64,交易锁定,"2016-07-01 14:26:25"
0073086,PPE,越南电力油气咨询工程公司,出售,2798,4.00,11192.00,111.92,交易锁定,"2016-07-01 14:26:09"
LYG001,PPE,越南电力油气咨询工程公司,出售,74738,4.00,298952.00,2989.52,交易锁定,"2016-07-01 14:26:02"
P82617888,PPE,越南电力油气咨询工程公司,出售,25410,4.00,101640.00,1016.40,交易锁定,"2016-07-01 14:25:53"
78899,HPM,皇富矿业,出售,16752,5.17,86607.84,866.08,交易锁定,"2016-07-01 14:25:38"
P65452170,HPM,皇富矿业,出售,29008,5.17,149971.36,1499.71,交易锁定,"2016-07-01 14:25:12"
54719518,PPE,越南电力油气咨询工程公司,出售,9262,4.00,37048.00,370.48,交易锁定,"2016-07-01 14:25:02"
YT6355,PPE,越南电力油气咨询工程公司,出售,9674,4.00,38696.00,386.96,交易锁定,"2016-07-01 14:24:42"
20150925,PPE,越南电力油气咨询工程公司,出售,20233,4.00,80932.00,809.32,交易锁定,"2016-07-01 14:24:40"
89759088,PPE,越南电力油气咨询工程公司,出售,159580,4.00,638320.00,6383.20,交易锁定,"2016-07-01 14:24:35"
18192006,PPE,越南电力油气咨询工程公司,出售,88884,4.00,355536.00,3555.36,交易锁定,"2016-07-01 14:24:31"
K87470430,PPE,越南电力油气咨询工程公司,出售,7645,4.00,30580.00,305.80,交易锁定,"2016-07-01 14:24:27"
00100103,PPE,越南电力油气咨询工程公司,出售,60292,4.00,241168.00,2411.68,交易锁定,"2016-07-01 14:24:26"
00800800,PPE,越南电力油气咨询工程公司,出售,36022,4.00,144088.00,1440.88,交易锁定,"2016-07-01 14:24:25"
LW168,PPE,越南电力油气咨询工程公司,出售,56267,4.00,225068.00,2250.68,交易锁定,"2016-07-01 14:24:24"
00100110,PPE,越南电力油气咨询工程公司,出售,74315,4.00,297260.00,2972.60,交易锁定,"2016-07-01 14:24:23"
P90974283,PPE,越南电力油气咨询工程公司,出售,36147,4.00,144588.00,1445.88,交易锁定,"2016-07-01 14:24:21"
00100119,PPE,越南电力油气咨询工程公司,出售,5279,4.00,21116.00,211.16,交易锁定,"2016-07-01 14:24:17"
98175318,PPE,越南电力油气咨询工程公司,出售,52569,4.00,210276.00,2102.76,交易锁定,"2016-07-01 14:24:14"
00100133,PPE,越南电力油气咨询工程公司,出售,18065,4.00,72260.00,722.60,交易锁定,"2016-07-01 14:24:14"
210635,PPE,越南电力油气咨询工程公司,出售,5413,4.00,21652.00,216.52,交易锁定,"2016-07-01 14:24:11"
K30319870,HPM,皇富矿业,出售,1000,5.17,5170.00,51.70,交易锁定,"2016-07-01 14:23:23"
97456933,PPE,越南电力油气咨询工程公司,购买,1,4.00,4.00,0.00,交易锁定,"2016-07-01 14:23:06"
63936789,HPM,皇富矿业,出售,30212,5.17,156196.04,1561.96,交易锁定,"2016-07-01 14:21:10"
P82617999,PPE,越南电力油气咨询工程公司,出售,23000,4.00,92000.00,920.00,交易锁定,"2016-07-01 14:18:42"
00900967,PPE,越南电力油气咨询工程公司,购买,1,4.00,4.00,0.00,交易锁定,"2016-07-01 14:16:08"
97666211,PPE,越南电力油气咨询工程公司,购买,3217,4.00,12868.00,0.00,交易锁定,"2016-07-01 14:14:39"
99153099,HPM,皇富矿业,出售,5613,5.17,29019.21,290.19,交易锁定,"2016-07-01 14:12:49"
nry1234,HPM,皇富矿业,出售,15865,5.17,82022.05,820.22,交易锁定,"2016-07-01 14:11:47"
myq1234,HPM,皇富矿业,出售,2944,5.17,15220.48,152.20,交易锁定,"2016-07-01 14:11:31"
P29208398,PPE,越南电力油气咨询工程公司,购买,9,4.00,36.00,0.00,交易锁定,"2016-07-01 14:10:24"
qcq1234,HPM,皇富矿业,出售,978,5.17,5056.26,50.56,交易锁定,"2016-07-01 14:09:58"
P31237326,PPE,越南电力油气咨询工程公司,购买,19,4.00,76.00,0.00,交易锁定,"2016-07-01 14:08:23"
yl100089,HPM,皇富矿业,出售,7122,5.17,36820.74,368.21,交易锁定,"2016-07-01 14:07:45"
108740967,PPE,越南电力油气咨询工程公司,出售,401,4.00,1604.00,16.04,交易锁定,"2016-07-01 14:06:31"
P12812888,HPM,皇富矿业,购买,194,5.17,1002.98,0.00,交易锁定,"2016-07-01 14:06:30"
yl100088,HPM,皇富矿业,出售,2542,5.17,13142.14,131.42,交易锁定,"2016-07-01 14:06:22"
00100157,PPE,越南电力油气咨询工程公司,出售,1208820,4.00,4835280.00,48352.80,交易锁定,"2016-07-01 14:05:28"
00100156,PPE,越南电力油气咨询工程公司,出售,1454808,4.00,5819232.00,58192.32,交易锁定,"2016-07-01 14:04:46"
YW57813,PPE,越南电力油气咨询工程公司,购买,1,4.00,4.00,0.00,交易锁定,"2016-07-01 14:04:22"
00100155,PPE,越南电力油气咨询工程公司,出售,1465139,4.00,5860556.00,58605.56,交易锁定,"2016-07-01 14:04:01"
WFY001,PPE,越南电力油气咨询工程公司,购买,3000,4.00,12000.00,0.00,交易锁定,"2016-07-01 14:03:39"
31003795,PPE,越南电力油气咨询工程公司,购买,825,4.00,3300.00,0.00,交易锁定,"2016-07-01 14:00:01"
K92212599,PPE,越南电力油气咨询工程公司,出售,96641,4.00,386564.00,3865.64,交易锁定,"2016-07-01 12:29:36"
7588800,PPE,越南电力油气咨询工程公司,购买,1,4.00,4.00,0.00,交易锁定,"2016-07-01 12:27:51"
7588800,PPE,越南电力油气咨询工程公司,购买,1,4.00,4.00,0.00,交易锁定,"2016-07-01 12:27:33"
DQ005,PPE,越南电力油气咨询工程公司,购买,1,4.00,4.00,0.00,交易锁定,"2016-07-01 12:25:55"
99991968,PPE,越南电力油气咨询工程公司,购买,377,4.00,1508.00,0.00,交易锁定,"2016-07-01 12:17:09"
111888,HPM,皇富矿业,购买,1641,5.17,8483.97,0.00,交易锁定,"2016-07-01 12:14:49"
00500500,PPE,越南电力油气咨询工程公司,购买,1,4.00,4.00,0.00,交易锁定,"2016-07-01 12:13:26"
885813,HPM,皇富矿业,出售,40000,5.17,206800.00,2068.00,交易锁定,"2016-07-01 12:13:18"
15448424,HPM,皇富矿业,出售,21586,5.17,111599.62,1116.00,交易锁定,"2016-07-01 12:12:15"
95795234,HPM,皇富矿业,购买,1934,5.17,9998.78,0.00,交易锁定,"2016-07-01 12:12:02"
9095,HPM,皇富矿业,出售,4467,5.17,23094.39,230.94,交易锁定,"2016-07-01 12:11:28"
7508,HPM,皇富矿业,出售,6600,5.17,34122.00,341.22,交易锁定,"2016-07-01 12:09:12"
wgx,HPM,皇富矿业,出售,2456,5.17,12697.52,126.98,交易锁定,"2016-07-01 12:07:12"
00200191,PPE,越南电力油气咨询工程公司,出售,89,4.00,356.00,3.56,交易锁定,"2016-07-01 12:07:06"
GSC16888,PPE,越南电力油气咨询工程公司,出售,6979,4.00,27916.00,279.16,交易锁定,"2016-07-01 12:07:05"
680400,HPM,皇富矿业,出售,2929,5.17,15142.93,151.43,交易锁定,"2016-07-01 12:05:36"
TJY668,HPM,皇富矿业,购买,1,5.17,5.17,0.00,交易锁定,"2016-07-01 12:03:24"
HHM168,HPM,皇富矿业,出售,8300,5.17,42911.00,429.11,交易锁定,"2016-07-01 12:03:19"
YT9916,HPM,皇富矿业,出售,7032,5.17,36355.44,363.55,交易锁定,"2016-07-01 11:58:31"
86777467,PPE,越南电力油气咨询工程公司,购买,1666,4.00,6664.00,0.00,交易锁定,"2016-07-01 11:56:58"
11812899,PPE,越南电力油气咨询工程公司,购买,1,4.00,4.00,0.00,交易锁定,"2016-07-01 11:54:10"
jsy588,HPM,皇富矿业,购买,655,5.17,3386.35,0.00,交易锁定,"2016-07-01 11:51:03"
009009533,PPE,越南电力油气咨询工程公司,出售,283,4.00,1132.00,11.32,交易锁定,"2016-07-01 11:48:43"
33229990,HPM,皇富矿业,出售,10000,5.17,51700.00,517.00,交易锁定,"2016-07-01 11:48:08"
P00200191,PPE,越南电力油气咨询工程公司,出售,111,4.00,444.00,4.44,交易锁定,"2016-07-01 11:46:48"
00200200,PPE,越南电力油气咨询工程公司,出售,48965,4.00,195860.00,1958.60,交易锁定,"2016-07-01 11:45:19"
00200200,PPE,越南电力油气咨询工程公司,出售,40000,4.00,160000.00,1600.00,交易锁定,"2016-07-01 11:44:08"
66661588,PPE,越南电力油气咨询工程公司,购买,1000,4.00,4000.00,0.00,交易锁定,"2016-07-01 11:44:00"
009009223,PPE,越南电力油气咨询工程公司,出售,2812,4.00,11248.00,112.48,交易锁定,"2016-07-01 11:43:24"
00100115,HPM,皇富矿业,出售,20,5.17,103.40,1.03,交易锁定,"2016-07-01 11:33:17"
66778888,HPM,皇富矿业,出售,758,5.17,3918.86,39.19,交易锁定,"2016-07-01 11:31:53"
20161878,PPE,越南电力油气咨询工程公司,出售,2000,4.00,8000.00,80.00,交易锁定,"2016-07-01 11:31:35"
99991119,HPM,皇富矿业,出售,16040,5.17,82926.80,829.27,交易锁定,"2016-07-01 11:29:24"
sqf889,HPM,皇富矿业,出售,1900,5.17,9823.00,98.23,交易锁定,"2016-07-01 11:29:10"
88866888,PPE,越南电力油气咨询工程公司,出售,3091,4.00,12364.00,123.64,交易锁定,"2016-07-01 11:29:08"
00100115,HPM,皇富矿业,出售,1364,5.17,7051.88,70.52,交易锁定,"2016-07-01 11:28:56"
P85851685,HPM,皇富矿业,出售,20055,5.17,103684.35,1036.84,交易锁定,"2016-07-01 11:27:14"
12812899,PPE,越南电力油气咨询工程公司,出售,30260,4.00,121040.00,1210.40,交易锁定,"2016-07-01 11:23:36"
K94424838,PPE,越南电力油气咨询工程公司,购买,500,4.00,2000.00,0.00,交易锁定,"2016-07-01 11:21:29"
99996102,PPE,越南电力油气咨询工程公司,购买,4000,4.00,16000.00,0.00,交易锁定,"2016-07-01 11:19:22"
60652268,PPE,越南电力油气咨询工程公司,购买,1,4.00,4.00,0.00,交易锁定,"2016-07-01 11:19:13"
19640323,PPE,越南电力油气咨询工程公司,购买,1200,4.00,4800.00,0.00,交易锁定,"2016-07-01 11:18:52"
HLDYWK,HPM,皇富矿业,购买,580,5.17,2998.60,0.00,交易锁定,"2016-07-01 11:18:42"
ZQY001,PPE,越南电力油气咨询工程公司,购买,2052,4.00,8208.00,0.00,交易锁定,"2016-07-01 11:18:09"
99999999,PPE,越南电力油气咨询工程公司,出售,15205,4.00,60820.00,608.20,交易锁定,"2016-07-01 11:17:40"
LJW888,HPM,皇富矿业,出售,14000,5.17,72380.00,723.80,交易锁定,"2016-07-01 11:17:25"
99592598,PPE,越南电力油气咨询工程公司,购买,105,4.00,420.00,0.00,交易锁定,"2016-07-01 11:16:56"
66669898,PPE,越南电力油气咨询工程公司,购买,78,4.00,312.00,0.00,交易锁定,"2016-07-01 11:16:42"
YW98613,PPE,越南电力油气咨询工程公司,购买,20000,4.00,80000.00,0.00,交易锁定,"2016-07-01 11:15:18"
66669898,PPE,越南电力油气咨询工程公司,购买,600,4.00,2400.00,0.00,交易锁定,"2016-07-01 11:13:49"
30777737,PPE,越南电力油气咨询工程公司,购买,2000,4.00,8000.00,0.00,交易锁定,"2016-07-01 11:13:24"
YWYXZ8613,PPE,越南电力油气咨询工程公司,购买,961,4.00,3844.00,0.00,交易锁定,"2016-07-01 11:13:18"
ZWQ002,PPE,越南电力油气咨询工程公司,购买,2324,4.00,9296.00,0.00,交易锁定,"2016-07-01 11:13:16"
YT1060,PPE,越南电力油气咨询工程公司,购买,1,4.00,4.00,0.00,交易锁定,"2016-07-01 11:12:36"
66669898,PPE,越南电力油气咨询工程公司,购买,2000,4.00,8000.00,0.00,交易锁定,"2016-07-01 11:12:05"
66880112,PPE,越南电力油气咨询工程公司,购买,1150,4.00,4600.00,0.00,交易锁定,"2016-07-01 11:11:42"
66669898,PPE,越南电力油气咨询工程公司,购买,290,4.00,1160.00,0.00,交易锁定,"2016-07-01 11:10:33"
K94424838,PPE,越南电力油气咨询工程公司,购买,1250,4.00,5000.00,0.00,交易锁定,"2016-07-01 11:10:09"
33419493,HPM,皇富矿业,出售,4566,5.17,23606.22,236.06,交易锁定,"2016-07-01 11:09:02"
PHHS888,PPE,越南电力油气咨询工程公司,出售,4512,4.00,18048.00,180.48,交易锁定,"2016-07-01 11:04:15"
P86821448,HPM,皇富矿业,出售,1601,5.17,8277.17,82.77,交易锁定,"2016-07-01 11:04:07"
76559616,HPM,皇富矿业,购买,15540,5.17,80341.80,0.00,交易锁定,"2016-07-01 11:04:00"
81605288,PPE,越南电力油气咨询工程公司,购买,888,4.00,3552.00,0.00,交易锁定,"2016-07-01 11:03:44"
LY1352952,PPE,越南电力油气咨询工程公司,购买,1,4.00,4.00,0.00,交易锁定,"2016-07-01 11:03:16"
LY1352952,PPE,越南电力油气咨询工程公司,购买,1,4.00,4.00,0.00,交易锁定,"2016-07-01 11:02:25"
88333660,HPM,皇富矿业,出售,28571,5.17,147712.07,1477.12,交易锁定,"2016-07-01 11:02:19"
P93684717,PPE,越南电力油气咨询工程公司,购买,5000,4.00,20000.00,0.00,交易锁定,"2016-07-01 11:01:44"
YT33789,PPE,越南电力油气咨询工程公司,购买,1,4.00,4.00,0.00,交易锁定,"2016-07-01 11:01:12"
037906,PPE,越南电力油气咨询工程公司,出售,850,4.00,3400.00,34.00,交易锁定,"2016-07-01 11:00:19"
66669898,PPE,越南电力油气咨询工程公司,购买,10000,4.00,40000.00,0.00,交易锁定,"2016-07-01 11:00:10"
YT33789,PPE,越南电力油气咨询工程公司,购买,6755,4.00,27020.00,0.00,交易锁定,"2016-07-01 11:00:00"
33529745,PPE,越南电力油气咨询工程公司,购买,11015,4.00,44060.00,0.00,交易锁定,"2016-07-01 10:57:37"
66686669,PPE,越南电力油气咨询工程公司,购买,2833,4.00,11332.00,0.00,交易锁定,"2016-07-01 10:55:42"
yt3999,HPM,皇富矿业,出售,9746,5.17,50386.82,503.87,交易锁定,"2016-07-01 10:55:40"
YT167,PPE,越南电力油气咨询工程公司,购买,24967,4.00,99868.00,0.00,交易锁定,"2016-07-01 10:55:33"
20150668,PPE,越南电力油气咨询工程公司,购买,5000,4.00,20000.00,0.00,交易锁定,"2016-07-01 10:54:49"
20150668,PPE,越南电力油气咨询工程公司,购买,5000,4.00,20000.00,0.00,交易锁定,"2016-07-01 10:54:48"
37455242,PPE,越南电力油气咨询工程公司,购买,500,4.00,2000.00,0.00,交易锁定,"2016-07-01 10:54:47"
20150668,PPE,越南电力油气咨询工程公司,购买,5000,4.00,20000.00,0.00,交易锁定,"2016-07-01 10:54:44"
63871635,HPM,皇富矿业,购买,625,5.17,3231.25,0.00,交易锁定,"2016-07-01 10:54:16"
20160415,PPE,越南电力油气咨询工程公司,出售,1104,4.00,4416.00,44.16,交易锁定,"2016-07-01 10:53:00"
YT55999,PPE,越南电力油气咨询工程公司,购买,25865,4.00,103460.00,0.00,交易锁定,"2016-07-01 10:52:46"
B10005,HPM,皇富矿业,出售,96764,5.17,500269.88,5002.70,交易锁定,"2016-07-01 10:52:36"
26118121,PPE,越南电力油气咨询工程公司,出售,66444,4.00,265776.00,2657.76,交易锁定,"2016-07-01 10:51:09"
28336898,PPE,越南电力油气咨询工程公司,购买,591,4.00,2364.00,0.00,交易锁定,"2016-07-01 10:50:58"
LSQ6688,PPE,越南电力油气咨询工程公司,出售,15568,4.00,62272.00,622.72,交易锁定,"2016-07-01 10:50:55"
369258,PPE,越南电力油气咨询工程公司,购买,2050,4.00,8200.00,0.00,交易锁定,"2016-07-01 10:50:07"
38866100,PPE,越南电力油气咨询工程公司,出售,41829,4.00,167316.00,1673.16,交易锁定,"2016-07-01 10:50:03"
369258,PPE,越南电力油气咨询工程公司,购买,2050,4.00,8200.00,0.00,交易锁定,"2016-07-01 10:50:03"
HJ889,PPE,越南电力油气咨询工程公司,购买,2,4.00,8.00,0.00,交易锁定,"2016-07-01 10:49:43"
YT268209,PPE,越南电力油气咨询工程公司,购买,24223,4.00,96892.00,0.00,交易锁定,"2016-07-01 10:49:20"
72649609,PPE,越南电力油气咨询工程公司,出售,11187,4.00,44748.00,447.48,交易锁定,"2016-07-01 10:49:14"
66778888,PPE,越南电力油气咨询工程公司,出售,4206,4.00,16824.00,168.24,交易锁定,"2016-07-01 10:48:28"
YT33377,PPE,越南电力油气咨询工程公司,购买,32968,4.00,131872.00,0.00,交易锁定,"2016-07-01 10:48:25"
179888,PPE,越南电力油气咨询工程公司,出售,1000,4.00,4000.00,40.00,交易锁定,"2016-07-01 10:47:48"
8890285,PPE,越南电力油气咨询工程公司,购买,200,4.00,800.00,0.00,交易锁定,"2016-07-01 10:46:39"
8889888,PPE,越南电力油气咨询工程公司,购买,1,4.00,4.00,0.00,交易锁定,"2016-07-01 10:45:32"
P778889999,PPE,越南电力油气咨询工程公司,出售,11579,4.00,46316.00,463.16,交易锁定,"2016-07-01 10:44:39"
105032,PPE,越南电力油气咨询工程公司,出售,39913,4.00,159652.00,1596.52,交易锁定,"2016-07-01 10:44:33"
P89998999,PPE,越南电力油气咨询工程公司,出售,2581,4.00,10324.00,103.24,交易锁定,"2016-07-01 10:44:16"
8826698,PPE,越南电力油气咨询工程公司,出售,9546,4.00,38184.00,381.84,交易锁定,"2016-07-01 10:44:14"
009009007,PPE,越南电力油气咨询工程公司,出售,84120,4.00,336480.00,3364.80,交易锁定,"2016-07-01 10:43:18"
HCY003,HPM,皇富矿业,出售,19600,5.17,101332.00,1013.32,交易锁定,"2016-07-01 10:43:00"
MXH001,PPE,越南电力油气咨询工程公司,购买,17,4.00,68.00,0.00,交易锁定,"2016-07-01 10:42:48"
99991266,PPE,越南电力油气咨询工程公司,购买,2000,4.00,8000.00,0.00,交易锁定,"2016-07-01 10:42:08"
51852899,PPE,越南电力油气咨询工程公司,出售,41465,4.00,165860.00,1658.60,交易锁定,"2016-07-01 10:42:04"
37061126,PPE,越南电力油气咨询工程公司,购买,27,4.00,108.00,0.00,交易锁定,"2016-07-01 10:40:56"
92012990,PPE,越南电力油气咨询工程公司,出售,7000,4.00,28000.00,280.00,交易锁定,"2016-07-01 10:40:14"
1588,PPE,越南电力油气咨询工程公司,购买,6800,4.00,27200.00,0.00,交易锁定,"2016-07-01 10:38:30"
YT3777,PPE,越南电力油气咨询工程公司,购买,667,4.00,2668.00,0.00,交易锁定,"2016-07-01 10:38:26"
81605288,PPE,越南电力油气咨询工程公司,购买,4000,4.00,16000.00,0.00,交易锁定,"2016-07-01 10:38:09"
P82617999,PPE,越南电力油气咨询工程公司,出售,100000,4.00,400000.00,4000.00,交易锁定,"2016-07-01 10:37:47"
YT6668,PPE,越南电力油气咨询工程公司,出售,12708,4.00,50832.00,508.32,交易锁定,"2016-07-01 10:37:13"
YT1556677,PPE,越南电力油气咨询工程公司,购买,1,4.00,4.00,0.00,交易锁定,"2016-07-01 10:37:07"
100001,PPE,越南电力油气咨询工程公司,出售,6620,4.00,26480.00,264.80,交易锁定,"2016-07-01 10:37:07"
YT1556677,PPE,越南电力油气咨询工程公司,购买,1,4.00,4.00,0.00,交易锁定,"2016-07-01 10:36:43"
P10736329,HPM,皇富矿业,出售,2591,5.17,13395.47,133.95,交易锁定,"2016-07-01 10:36:41"
20150668,PPE,越南电力油气咨询工程公司,购买,5000,4.00,20000.00,0.00,交易锁定,"2016-07-01 10:36:25"
ZYG888,PPE,越南电力油气咨询工程公司,购买,200,4.00,800.00,0.00,交易锁定,"2016-07-01 10:35:50"
16508718,PPE,越南电力油气咨询工程公司,购买,5000,4.00,20000.00,0.00,交易锁定,"2016-07-01 10:35:29"
P83276345,PPE,越南电力油气咨询工程公司,出售,14901,4.00,59604.00,596.04,交易锁定,"2016-07-01 10:35:24"
AL688,HPM,皇富矿业,购买,4842,5.17,25033.14,0.00,交易锁定,"2016-07-01 10:35:04"
ZYG888,PPE,越南电力油气咨询工程公司,购买,1000,4.00,4000.00,0.00,交易锁定,"2016-07-01 10:34:57"
96509336,PPE,越南电力油气咨询工程公司,出售,12375,4.00,49500.00,495.00,交易锁定,"2016-07-01 10:34:39"
881123,PPE,越南电力油气咨询工程公司,购买,1,4.00,4.00,0.00,交易锁定,"2016-07-01 10:34:28"
20150178,HPM,皇富矿业,出售,5000,5.17,25850.00,258.50,交易锁定,"2016-07-01 10:34:27"
63896699,PPE,越南电力油气咨询工程公司,购买,400,4.00,1600.00,0.00,交易锁定,"2016-07-01 10:34:22"
667778888,PPE,越南电力油气咨询工程公司,出售,10000,4.00,40000.00,400.00,交易锁定,"2016-07-01 10:34:19"
11812899,HPM,皇富矿业,出售,600,5.17,3102.00,31.02,交易锁定,"2016-07-01 10:34:11"
88888888,PPE,越南电力油气咨询工程公司,出售,6672,4.00,26688.00,266.88,交易锁定,"2016-07-01 10:33:42"
LJ9999,PPE,越南电力油气咨询工程公司,购买,225,4.00,900.00,0.00,交易锁定,"2016-07-01 10:33:41"
11812899,PPE,越南电力油气咨询工程公司,出售,600,4.00,2400.00,24.00,交易锁定,"2016-07-01 10:33:29"
56907836,PPE,越南电力油气咨询工程公司,出售,31184,4.00,124736.00,1247.36,交易锁定,"2016-07-01 10:33:21"
wms9898,PPE,越南电力油气咨询工程公司,购买,5410,4.00,21640.00,0.00,交易锁定,"2016-07-01 10:33:11"
20150178,PPE,越南电力油气咨询工程公司,购买,249,4.00,996.00,0.00,交易锁定,"2016-07-01 10:33:10"
xl001,HPM,皇富矿业,出售,10360,5.17,53561.20,535.61,交易锁定,"2016-07-01 10:32:47"
LYZ008,PPE,越南电力油气咨询工程公司,出售,10000,4.00,40000.00,400.00,交易锁定,"2016-07-01 10:32:10"
YT17777,PPE,越南电力油气咨询工程公司,购买,13382,4.00,53528.00,0.00,交易锁定,"2016-07-01 10:32:10"
YT158158,PPE,越南电力油气咨询工程公司,购买,700,4.00,2800.00,0.00,交易锁定,"2016-07-01 10:32:05"
63896699,PPE,越南电力油气咨询工程公司,购买,400,4.00,1600.00,0.00,交易锁定,"2016-07-01 10:30:54"
yt077,PPE,越南电力油气咨询工程公司,购买,1,4.00,4.00,0.00,交易锁定,"2016-07-01 10:30:50"
P199999,PPE,越南电力油气咨询工程公司,购买,1,4.00,4.00,0.00,交易锁定,"2016-07-01 10:30:40"
53817389,PPE,越南电力油气咨询工程公司,购买,194,4.00,776.00,0.00,交易锁定,"2016-07-01 10:30:38"
cc8888,PPE,越南电力油气咨询工程公司,出售,5926,4.00,23704.00,237.04,交易锁定,"2016-07-01 10:30:32"
lk001,PPE,越南电力油气咨询工程公司,出售,6822,4.00,27288.00,272.88,交易锁定,"2016-07-01 10:30:09"
46121999,HPM,皇富矿业,出售,3623,5.17,18730.91,187.31,交易锁定,"2016-07-01 10:30:09"
FMX777,PPE,越南电力油气咨询工程公司,出售,10000,4.00,40000.00,400.00,交易锁定,"2016-07-01 10:30:06"
53817389,PPE,越南电力油气咨询工程公司,购买,5000,4.00,20000.00,0.00,交易锁定,"2016-07-01 10:29:28"
FMX777,PPE,越南电力油气咨询工程公司,出售,13603,4.00,54412.00,544.12,交易锁定,"2016-07-01 10:29:20"
2824,PPE,越南电力油气咨询工程公司,购买,9509,4.00,38036.00,0.00,交易锁定,"2016-07-01 10:29:14"
0995888,PPE,越南电力油气咨询工程公司,出售,9000,4.00,36000.00,360.00,交易锁定,"2016-07-01 10:29:04"
P71019972,HPM,皇富矿业,出售,4617,5.17,23869.89,238.70,交易锁定,"2016-07-01 10:28:38"
YT1799,PPE,越南电力油气咨询工程公司,购买,1700,4.00,6800.00,0.00,交易锁定,"2016-07-01 10:28:35"
00800803,PPE,越南电力油气咨询工程公司,出售,15852,4.00,63408.00,634.08,交易锁定,"2016-07-01 10:28:31"
H201688,PPE,越南电力油气咨询工程公司,购买,259,4.00,1036.00,0.00,交易锁定,"2016-07-01 10:28:24"
P78076666,HPM,皇富矿业,出售,2432,5.17,12573.44,125.73,交易锁定,"2016-07-01 10:27:35"
K84945384,HPM,皇富矿业,出售,1384,5.17,7155.28,71.55,交易锁定,"2016-07-01 10:27:33"
99997777,HPM,皇富矿业,购买,312,5.17,1613.04,0.00,交易锁定,"2016-07-01 10:26:45"
P37811719,HPM,皇富矿业,出售,13,5.17,67.21,0.67,交易锁定,"2016-07-01 10:26:36"
wy699,PPE,越南电力油气咨询工程公司,出售,5848,4.00,23392.00,233.92,交易锁定,"2016-07-01 10:25:53"
LMJ01,HPM,皇富矿业,购买,5067,5.17,26196.39,0.00,交易锁定,"2016-07-01 10:25:49"
009009099,PPE,越南电力油气咨询工程公司,出售,26345,4.00,105380.00,1053.80,交易锁定,"2016-07-01 10:25:42"
009009136,PPE,越南电力油气咨询工程公司,出售,21332,4.00,85328.00,853.28,交易锁定,"2016-07-01 10:25:25"
96293382,HPM,皇富矿业,出售,198,5.17,1023.66,10.24,交易锁定,"2016-07-01 10:25:21"
YT5158,PPE,越南电力油气咨询工程公司,购买,6267,4.00,25068.00,0.00,交易锁定,"2016-07-01 10:25:04"
P00800801,PPE,越南电力油气咨询工程公司,出售,48019,4.00,192076.00,1920.76,交易锁定,"2016-07-01 10:24:54"
P18600081,HPM,皇富矿业,出售,2197,5.17,11358.49,113.58,交易锁定,"2016-07-01 10:24:42"
LQS168,HPM,皇富矿业,出售,3697,5.17,19113.49,191.13,交易锁定,"2016-07-01 10:24:19"
ZSQ9988,PPE,越南电力油气咨询工程公司,出售,16400,4.00,65600.00,656.00,交易锁定,"2016-07-01 10:24:10"
YT5999,HPM,皇富矿业,购买,290,5.17,1499.30,0.00,交易锁定,"2016-07-01 10:23:45"
99991121,PPE,越南电力油气咨询工程公司,购买,42367,4.00,169468.00,0.00,交易锁定,"2016-07-01 10:23:40"
882206,PPE,越南电力油气咨询工程公司,购买,1,4.00,4.00,0.00,交易锁定,"2016-07-01 10:23:40"
wf1867752,PPE,越南电力油气咨询工程公司,购买,1,4.00,4.00,0.00,交易锁定,"2016-07-01 10:23:29"
wy666888,PPE,越南电力油气咨询工程公司,出售,7412,4.00,29648.00,296.48,交易锁定,"2016-07-01 10:23:25"
P11881188,PPE,越南电力油气咨询工程公司,出售,1169,4.00,4676.00,46.76,交易锁定,"2016-07-01 10:23:22"
HFX008,PPE,越南电力油气咨询工程公司,出售,13857,4.00,55428.00,554.28,交易锁定,"2016-07-01 10:23:17"
LQS001,HPM,皇富矿业,出售,891,5.17,4606.47,46.06,交易锁定,"2016-07-01 10:23:15"
YT5177,PPE,越南电力油气咨询工程公司,购买,5000,4.00,20000.00,0.00,交易锁定,"2016-07-01 10:23:15"
YW5355,PPE,越南电力油气咨询工程公司,购买,1,4.00,4.00,0.00,交易锁定,"2016-07-01 10:22:47"
K92873969,PPE,越南电力油气咨询工程公司,出售,14519,4.00,58076.00,580.76,交易锁定,"2016-07-01 10:22:41"
0258588,PPE,越南电力油气咨询工程公司,出售,11161,4.00,44644.00,446.44,交易锁定,"2016-07-01 10:22:28"
CQ1816380,PPE,越南电力油气咨询工程公司,购买,1,4.00,4.00,0.00,交易锁定,"2016-07-01 10:22:11"
22228888,PPE,越南电力油气咨询工程公司,出售,4172,4.00,16688.00,166.88,交易锁定,"2016-07-01 10:22:10"
YT1788,PPE,越南电力油气咨询工程公司,购买,6000,4.00,24000.00,0.00,交易锁定,"2016-07-01 10:21:45"
00800801,PPE,越南电力油气咨询工程公司,出售,94132,4.00,376528.00,3765.28,交易锁定,"2016-07-01 10:21:34"
LYZ008,PPE,越南电力油气咨询工程公司,出售,10000,4.00,40000.00,400.00,交易锁定,"2016-07-01 10:21:27"
zhj888,PPE,越南电力油气咨询工程公司,购买,32211,4.00,128844.00,0.00,交易锁定,"2016-07-01 10:21:20"
15815868,PPE,越南电力油气咨询工程公司,出售,8339,4.00,33356.00,333.56,交易锁定,"2016-07-01 10:20:32"
12938246,HPM,皇富矿业,出售,86,5.17,444.62,4.45,交易锁定,"2016-07-01 10:20:27"
2258598,PPE,越南电力油气咨询工程公司,出售,11800,4.00,47200.00,472.00,交易锁定,"2016-07-01 10:20:03"
88855888,PPE,越南电力油气咨询工程公司,出售,4112,4.00,16448.00,164.48,交易锁定,"2016-07-01 10:20:00"
42019,HPM,皇富矿业,出售,1000,5.17,5170.00,51.70,交易锁定,"2016-07-01 10:19:55"
XD001,PPE,越南电力油气咨询工程公司,购买,87500,4.00,350000.00,0.00,交易锁定,"2016-07-01 10:19:50"
K84647396,PPE,越南电力油气咨询工程公司,出售,2413,4.00,9652.00,96.52,交易锁定,"2016-07-01 10:19:46"
88889999,PPE,越南电力油气咨询工程公司,出售,5499,4.00,21996.00,219.96,交易锁定,"2016-07-01 10:19:46"
cjr8899,HPM,皇富矿业,购买,1,5.17,5.17,0.00,交易锁定,"2016-07-01 10:19:05"
cjr8899,HPM,皇富矿业,购买,1,5.17,5.17,0.00,交易锁定,"2016-07-01 10:19:03"
Yt039,PPE,越南电力油气咨询工程公司,购买,3000,4.00,12000.00,0.00,交易锁定,"2016-07-01 10:18:51"
82705036,HPM,皇富矿业,出售,8804,5.17,45516.68,455.17,交易锁定,"2016-07-01 10:18:40"
NHL1531678,PPE,越南电力油气咨询工程公司,购买,2,4.00,8.00,0.00,交易锁定,"2016-07-01 10:18:36"
ZPQ003,PPE,越南电力油气咨询工程公司,购买,22,4.00,88.00,0.00,交易锁定,"2016-07-01 10:18:07"
YZ000003,PPE,越南电力油气咨询工程公司,购买,4708,4.00,18832.00,0.00,交易锁定,"2016-07-01 10:17:48"
22056979,PPE,越南电力油气咨询工程公司,出售,16765,4.00,67060.00,670.60,交易锁定,"2016-07-01 10:17:45"
cjr8899,HPM,皇富矿业,购买,1,5.17,5.17,0.00,交易锁定,"2016-07-01 10:17:41"
116688,PPE,越南电力油气咨询工程公司,购买,52537,4.00,210148.00,0.00,交易锁定,"2016-07-01 10:17:37"
yt017,PPE,越南电力油气咨询工程公司,购买,2200,4.00,8800.00,0.00,交易锁定,"2016-07-01 10:17:23"
KDY001,PPE,越南电力油气咨询工程公司,出售,12048,4.00,48192.00,481.92,交易锁定,"2016-07-01 10:17:21"
42019,PPE,越南电力油气咨询工程公司,出售,288,4.00,1152.00,11.52,交易锁定,"2016-07-01 10:17:17"
99993333,PPE,越南电力油气咨询工程公司,出售,11168,4.00,44672.00,446.72,交易锁定,"2016-07-01 10:17:09"
DX667788,PPE,越南电力油气咨询工程公司,购买,500,4.00,2000.00,0.00,交易锁定,"2016-07-01 10:17:03"
DX667788,PPE,越南电力油气咨询工程公司,购买,500,4.00,2000.00,0.00,交易锁定,"2016-07-01 10:17:00"
88866888,HPM,皇富矿业,出售,4732,5.17,24464.44,244.64,交易锁定,"2016-07-01 10:16:59"
20150925,PPE,越南电力油气咨询工程公司,出售,2,4.00,8.00,0.08,交易锁定,"2016-07-01 10:16:58"
00100131,PPE,越南电力油气咨询工程公司,购买,1,4.00,4.00,0.00,交易锁定,"2016-07-01 10:16:51"
2828588,PPE,越南电力油气咨询工程公司,出售,25543,4.00,102172.00,1021.72,交易锁定,"2016-07-01 10:16:43"
881937,PPE,越南电力油气咨询工程公司,购买,1425,4.00,5700.00,0.00,交易锁定,"2016-07-01 10:16:38"
42019,PPE,越南电力油气咨询工程公司,出售,3270,4.00,13080.00,130.80,交易锁定,"2016-07-01 10:16:35"
88888888,PPE,越南电力油气咨询工程公司,出售,6000,4.00,24000.00,240.00,交易锁定,"2016-07-01 10:16:32"
MYH01,HPM,皇富矿业,购买,6081,5.17,31438.77,0.00,交易锁定,"2016-07-01 10:16:21"
YT852131,PPE,越南电力油气咨询工程公司,出售,20000,4.00,80000.00,800.00,交易锁定,"2016-07-01 10:16:19"
99992222,PPE,越南电力油气咨询工程公司,出售,11169,4.00,44676.00,446.76,交易锁定,"2016-07-01 10:16:10"
37455242,PPE,越南电力油气咨询工程公司,购买,100,4.00,400.00,0.00,交易锁定,"2016-07-01 10:16:07"
66890,PPE,越南电力油气咨询工程公司,购买,1,4.00,4.00,0.00,交易锁定,"2016-07-01 10:16:05"
72649608,PPE,越南电力油气咨询工程公司,出售,91772,4.00,367088.00,3670.88,交易锁定,"2016-07-01 10:15:55"
98607142,PPE,越南电力油气咨询工程公司,购买,2600,4.00,10400.00,0.00,交易锁定,"2016-07-01 10:15:52"
YZ000003,PPE,越南电力油气咨询工程公司,购买,112500,4.00,450000.00,0.00,交易锁定,"2016-07-01 10:15:41"
CQ1816380,HPM,皇富矿业,出售,30000,5.17,155100.00,1551.00,交易锁定,"2016-07-01 10:15:31"
95795234,HPM,皇富矿业,购买,3941,5.17,20374.97,0.00,交易锁定,"2016-07-01 10:15:29"
YT1799,PPE,越南电力油气咨询工程公司,购买,6000,4.00,24000.00,0.00,交易锁定,"2016-07-01 10:15:16"
19466680,PPE,越南电力油气咨询工程公司,出售,59104,4.00,236416.00,2364.16,交易锁定,"2016-07-01 10:15:13"
LHJ005,PPE,越南电力油气咨询工程公司,出售,11666,4.00,46664.00,466.64,交易锁定,"2016-07-01 10:15:02"
99996126,PPE,越南电力油气咨询工程公司,出售,7600,4.00,30400.00,304.00,交易锁定,"2016-07-01 10:14:34"
09736219,PPE,越南电力油气咨询工程公司,出售,65382,4.00,261528.00,2615.28,交易锁定,"2016-07-01 10:14:08"
88999988,PPE,越南电力油气咨询工程公司,出售,4541,4.00,18164.00,181.64,交易锁定,"2016-07-01 10:14:06"
2828588,PPE,越南电力油气咨询工程公司,出售,30000,4.00,120000.00,1200.00,交易锁定,"2016-07-01 10:13:59"
HNDP001,PPE,越南电力油气咨询工程公司,购买,1924,4.00,7696.00,0.00,交易锁定,"2016-07-01 10:13:57"
YZ000001,HPM,皇富矿业,出售,177000,5.17,915090.00,9150.90,交易锁定,"2016-07-01 10:13:53"
11118888,PPE,越南电力油气咨询工程公司,出售,20328,4.00,81312.00,813.12,交易锁定,"2016-07-01 10:13:53"
GSZ008,PPE,越南电力油气咨询工程公司,出售,44638,4.00,178552.00,1785.52,交易锁定,"2016-07-01 10:13:52"
WQW001,PPE,越南电力油气咨询工程公司,购买,427,4.00,1708.00,0.00,交易锁定,"2016-07-01 10:13:46"
YT9917,PPE,越南电力油气咨询工程公司,购买,54,4.00,216.00,0.00,交易锁定,"2016-07-01 10:13:23"
00900902,PPE,越南电力油气咨询工程公司,出售,11470,4.00,45880.00,458.80,交易锁定,"2016-07-01 10:13:20"
lrf1688,PPE,越南电力油气咨询工程公司,购买,6349,4.00,25396.00,0.00,交易锁定,"2016-07-01 10:13:15"
11119999,PPE,越南电力油气咨询工程公司,出售,36367,4.00,145468.00,1454.68,交易锁定,"2016-07-01 10:13:15"
99996345,PPE,越南电力油气咨询工程公司,购买,1700,4.00,6800.00,0.00,交易锁定,"2016-07-01 10:13:07"
60382158,PPE,越南电力油气咨询工程公司,出售,97486,4.00,389944.00,3899.44,交易锁定,"2016-07-01 10:13:06"
39511368,PPE,越南电力油气咨询工程公司,购买,125,4.00,500.00,0.00,交易锁定,"2016-07-01 10:13:04"
9552233,PPE,越南电力油气咨询工程公司,购买,77380,4.00,309520.00,0.00,交易锁定,"2016-07-01 10:13:03"
ZXZ002,PPE,越南电力油气咨询工程公司,购买,6442,4.00,25768.00,0.00,交易锁定,"2016-07-01 10:12:55"
37001836,PPE,越南电力油气咨询工程公司,购买,2,4.00,8.00,0.00,交易锁定,"2016-07-01 10:12:55"
02492918,PPE,越南电力油气咨询工程公司,出售,6444,4.00,25776.00,257.76,交易锁定,"2016-07-01 10:12:45"
LFM888,PPE,越南电力油气咨询工程公司,出售,26466,4.00,105864.00,1058.64,交易锁定,"2016-07-01 10:12:30"
YZ000001,PPE,越南电力油气咨询工程公司,购买,950000,4.00,3800000.00,0.00,交易锁定,"2016-07-01 10:12:28"
95795234,HPM,皇富矿业,购买,1954,5.17,10102.18,0.00,交易锁定,"2016-07-01 10:12:28"
P76386625,PPE,越南电力油气咨询工程公司,购买,1,4.00,4.00,0.00,交易锁定,"2016-07-01 10:12:21"
24762848,PPE,越南电力油气咨询工程公司,购买,4000,4.00,16000.00,0.00,交易锁定,"2016-07-01 10:12:13"
WPD008,PPE,越南电力油气咨询工程公司,购买,1,4.00,4.00,0.00,交易锁定,"2016-07-01 10:11:56"
99998099,PPE,越南电力油气咨询工程公司,购买,10000,4.00,40000.00,0.00,交易锁定,"2016-07-01 10:11:54"
70358863,PPE,越南电力油气咨询工程公司,购买,1,4.00,4.00,0.00,交易锁定,"2016-07-01 10:11:46"
CYL668,PPE,越南电力油气咨询工程公司,出售,4545,4.00,18180.00,181.80,交易锁定,"2016-07-01 10:11:45"
20150421,HPM,皇富矿业,出售,1000,5.17,5170.00,51.70,交易锁定,"2016-07-01 10:11:35"
95795234,HPM,皇富矿业,购买,1934,5.17,9998.78,0.00,交易锁定,"2016-07-01 10:11:35"
20150421,HPM,皇富矿业,出售,1000,5.17,5170.00,51.70,交易锁定,"2016-07-01 10:11:32"
95795234,HPM,皇富矿业,购买,1934,5.17,9998.78,0.00,交易锁定,"2016-07-01 10:11:32"
20150421,HPM,皇富矿业,出售,1000,5.17,5170.00,51.70,交易锁定,"2016-07-01 10:11:29"
95795234,HPM,皇富矿业,购买,1934,5.17,9998.78,0.00,交易锁定,"2016-07-01 10:11:28"
20150421,HPM,皇富矿业,出售,1000,5.17,5170.00,51.70,交易锁定,"2016-07-01 10:11:24"
95795234,HPM,皇富矿业,购买,1934,5.17,9998.78,0.00,交易锁定,"2016-07-01 10:11:24"
XLY001,HPM,皇富矿业,购买,676,5.17,3494.92,0.00,交易锁定,"2016-07-01 10:11:23"
009009266,PPE,越南电力油气咨询工程公司,出售,11361,4.00,45444.00,454.44,交易锁定,"2016-07-01 10:11:22"
fxj888,PPE,越南电力油气咨询工程公司,出售,5558,4.00,22232.00,222.32,交易锁定,"2016-07-01 10:11:20"
95795234,HPM,皇富矿业,购买,1934,5.17,9998.78,0.00,交易锁定,"2016-07-01 10:11:18"
95795234,HPM,皇富矿业,购买,1934,5.17,9998.78,0.00,交易锁定,"2016-07-01 10:11:13"
MXY001,PPE,越南电力油气咨询工程公司,出售,54226,4.00,216904.00,2169.04,交易锁定,"2016-07-01 10:11:11"
95795234,HPM,皇富矿业,购买,1934,5.17,9998.78,0.00,交易锁定,"2016-07-01 10:11:06"
ZFL001,PPE,越南电力油气咨询工程公司,出售,33571,4.00,134284.00,1342.84,交易锁定,"2016-07-01 10:11:02"
9552266,PPE,越南电力油气咨询工程公司,购买,7954,4.00,31816.00,0.00,交易锁定,"2016-07-01 10:10:57"
28258957,HPM,皇富矿业,出售,10000,5.17,51700.00,517.00,交易锁定,"2016-07-01 10:10:54"
MRL688,PPE,越南电力油气咨询工程公司,出售,48864,4.00,195456.00,1954.56,交易锁定,"2016-07-01 10:10:52"
00900903,PPE,越南电力油气咨询工程公司,出售,5214,4.00,20856.00,208.56,交易锁定,"2016-07-01 10:10:45"
YT1799,PPE,越南电力油气咨询工程公司,购买,2066,4.00,8264.00,0.00,交易锁定,"2016-07-01 10:10:42"
00100122,PPE,越南电力油气咨询工程公司,购买,64,4.00,256.00,0.00,交易锁定,"2016-07-01 10:10:27"
YT9777,HPM,皇富矿业,出售,989,5.17,5113.13,51.13,交易锁定,"2016-07-01 10:10:26"
hjl888,PPE,越南电力油气咨询工程公司,出售,5558,4.00,22232.00,222.32,交易锁定,"2016-07-01 10:10:24"
19660128,PPE,越南电力油气咨询工程公司,购买,250,4.00,1000.00,0.00,交易锁定,"2016-07-01 10:10:23"
69656971,PPE,越南电力油气咨询工程公司,出售,29319,4.00,117276.00,1172.76,交易锁定,"2016-07-01 10:10:17"
LLZ1397083,PPE,越南电力油气咨询工程公司,购买,14,4.00,56.00,0.00,交易锁定,"2016-07-01 10:10:06"
YT9917,PPE,越南电力油气咨询工程公司,购买,520,4.00,2080.00,0.00,交易锁定,"2016-07-01 10:10:01"
99992588,HPM,皇富矿业,购买,802,5.17,4146.34,0.00,交易锁定,"2016-07-01 10:10:00"
FZD0088,PPE,越南电力油气咨询工程公司,出售,63277,4.00,253108.00,2531.08,交易锁定,"2016-07-01 10:09:59"
XLY001,HPM,皇富矿业,购买,50000,5.17,258500.00,0.00,交易锁定,"2016-07-01 10:09:38"
65656870,PPE,越南电力油气咨询工程公司,出售,60589,4.00,242356.00,2423.56,交易锁定,"2016-07-01 10:09:36"
P97465128,PPE,越南电力油气咨询工程公司,出售,132766,4.00,531064.00,5310.64,交易锁定,"2016-07-01 10:09:33"
CHW004,PPE,越南电力油气咨询工程公司,购买,1000,4.00,4000.00,0.00,交易锁定,"2016-07-01 10:09:25"
zar888,PPE,越南电力油气咨询工程公司,购买,1000,4.00,4000.00,0.00,交易锁定,"2016-07-01 10:09:24"
CHW004,PPE,越南电力油气咨询工程公司,购买,1000,4.00,4000.00,0.00,交易锁定,"2016-07-01 10:09:13"
93990937,HPM,皇富矿业,出售,46929,5.17,242622.93,2426.23,交易锁定,"2016-07-01 10:09:10"
66686669,PPE,越南电力油气咨询工程公司,购买,20000,4.00,80000.00,0.00,交易锁定,"2016-07-01 10:09:08"
SP001,PPE,越南电力油气咨询工程公司,购买,648,4.00,2592.00,0.00,交易锁定,"2016-07-01 10:09:07"
CHW004,PPE,越南电力油气咨询工程公司,购买,1000,4.00,4000.00,0.00,交易锁定,"2016-07-01 10:09:00"
CHW004,PPE,越南电力油气咨询工程公司,购买,1000,4.00,4000.00,0.00,交易锁定,"2016-07-01 10:08:48"
MWS0001,PPE,越南电力油气咨询工程公司,出售,11859,4.00,47436.00,474.36,交易锁定,"2016-07-01 10:08:45"
24762848,PPE,越南电力油气咨询工程公司,购买,10000,4.00,40000.00,0.00,交易锁定,"2016-07-01 10:08:44"
P38772233,PPE,越南电力油气咨询工程公司,购买,12849,4.00,51396.00,0.00,交易锁定,"2016-07-01 10:08:44"
CHW004,PPE,越南电力油气咨询工程公司,购买,1000,4.00,4000.00,0.00,交易锁定,"2016-07-01 10:08:37"
20212223,PPE,越南电力油气咨询工程公司,出售,24948,4.00,99792.00,997.92,交易锁定,"2016-07-01 10:08:35"
CHW004,PPE,越南电力油气咨询工程公司,购买,1000,4.00,4000.00,0.00,交易锁定,"2016-07-01 10:08:27"
ZGC008,PPE,越南电力油气咨询工程公司,出售,37931,4.00,151724.00,1517.24,交易锁定,"2016-07-01 10:08:24"
56280898,PPE,越南电力油气咨询工程公司,出售,23,4.00,92.00,0.92,交易锁定,"2016-07-01 10:08:22"
07845209,HPM,皇富矿业,出售,21487,5.17,111087.79,1110.88,交易锁定,"2016-07-01 10:08:21"
99205500,PPE,越南电力油气咨询工程公司,出售,5749,4.00,22996.00,229.96,交易锁定,"2016-07-01 10:08:19"
LZQ001,PPE,越南电力油气咨询工程公司,出售,8378,4.00,33512.00,335.12,交易锁定,"2016-07-01 10:08:18"
76198716,PPE,越南电力油气咨询工程公司,购买,1000,4.00,4000.00,0.00,交易锁定,"2016-07-01 10:08:17"
CHW004,PPE,越南电力油气咨询工程公司,购买,1000,4.00,4000.00,0.00,交易锁定,"2016-07-01 10:08:15"
009009888,PPE,越南电力油气咨询工程公司,出售,11765,4.00,47060.00,470.60,交易锁定,"2016-07-01 10:08:09"
76198716,PPE,越南电力油气咨询工程公司,购买,1000,4.00,4000.00,0.00,交易锁定,"2016-07-01 10:08:05"
CHW004,PPE,越南电力油气咨询工程公司,购买,1000,4.00,4000.00,0.00,交易锁定,"2016-07-01 10:08:04"
01665381,PPE,越南电力油气咨询工程公司,出售,20313,4.00,81252.00,812.52,交易锁定,"2016-07-01 10:08:02"
20150801,PPE,越南电力油气咨询工程公司,出售,29707,4.00,118828.00,1188.28,交易锁定,"2016-07-01 10:08:01"
CHW004,PPE,越南电力油气咨询工程公司,购买,1000,4.00,4000.00,0.00,交易锁定,"2016-07-01 10:07:43"
LGY00001,PPE,越南电力油气咨询工程公司,出售,19332,4.00,77328.00,773.28,交易锁定,"2016-07-01 10:07:34"
CHW004,PPE,越南电力油气咨询工程公司,购买,1000,4.00,4000.00,0.00,交易锁定,"2016-07-01 10:07:33"
mfl6688,PPE,越南电力油气咨询工程公司,出售,3541,4.00,14164.00,141.64,交易锁定,"2016-07-01 10:07:27"
6700088,PPE,越南电力油气咨询工程公司,购买,48,4.00,192.00,0.00,交易锁定,"2016-07-01 10:07:26"
YT5557,PPE,越南电力油气咨询工程公司,购买,32,4.00,128.00,0.00,交易锁定,"2016-07-01 10:07:25"
K87557414,PPE,越南电力油气咨询工程公司,购买,1,4.00,4.00,0.00,交易锁定,"2016-07-01 10:07:22"
CHW004,PPE,越南电力油气咨询工程公司,购买,1000,4.00,4000.00,0.00,交易锁定,"2016-07-01 10:07:21"
526528,HPM,皇富矿业,出售,1160,5.17,5997.20,59.97,交易锁定,"2016-07-01 10:07:21"
19018689,PPE,越南电力油气咨询工程公司,出售,3000,4.00,12000.00,120.00,交易锁定,"2016-07-01 10:07:21"
123666,PPE,越南电力油气咨询工程公司,出售,16970,4.00,67880.00,678.80,交易锁定,"2016-07-01 10:07:20"
YT33377,PPE,越南电力油气咨询工程公司,购买,30000,4.00,120000.00,0.00,交易锁定,"2016-07-01 10:07:12"
YT6655,PPE,越南电力油气咨询工程公司,购买,84,4.00,336.00,0.00,交易锁定,"2016-07-01 10:07:10"
LAR006,PPE,越南电力油气咨询工程公司,出售,59653,4.00,238612.00,2386.12,交易锁定,"2016-07-01 10:07:09"
YT9777,PPE,越南电力油气咨询工程公司,购买,1,4.00,4.00,0.00,交易锁定,"2016-07-01 10:07:08"
ZXY003,PPE,越南电力油气咨询工程公司,出售,40000,4.00,160000.00,1600.00,交易锁定,"2016-07-01 10:07:06"
9681,PPE,越南电力油气咨询工程公司,购买,239,4.00,956.00,0.00,交易锁定,"2016-07-01 10:07:04"
45981167,HPM,皇富矿业,购买,527,5.17,2724.59,0.00,交易锁定,"2016-07-01 10:06:58"
39390508,PPE,越南电力油气咨询工程公司,出售,108732,4.00,434928.00,4349.28,交易锁定,"2016-07-01 10:06:58"
CHW004,PPE,越南电力油气咨询工程公司,购买,1000,4.00,4000.00,0.00,交易锁定,"2016-07-01 10:06:56"
63575,PPE,越南电力油气咨询工程公司,购买,200,4.00,800.00,0.00,交易锁定,"2016-07-01 10:06:51"
NTX002,PPE,越南电力油气咨询工程公司,出售,57632,4.00,230528.00,2305.28,交易锁定,"2016-07-01 10:06:47"
P31039888,PPE,越南电力油气咨询工程公司,购买,3192,4.00,12768.00,0.00,交易锁定,"2016-07-01 10:06:44"
LHC88,PPE,越南电力油气咨询工程公司,出售,18591,4.00,74364.00,743.64,交易锁定,"2016-07-01 10:06:44"
K84699978,PPE,越南电力油气咨询工程公司,出售,1644,4.00,6576.00,65.76,交易锁定,"2016-07-01 10:06:41"
DQ006,PPE,越南电力油气咨询工程公司,购买,962,4.00,3848.00,0.00,交易锁定,"2016-07-01 10:06:31"
93990937,PPE,越南电力油气咨询工程公司,购买,1,4.00,4.00,0.00,交易锁定,"2016-07-01 10:06:30"
CHW004,PPE,越南电力油气咨询工程公司,购买,1000,4.00,4000.00,0.00,交易锁定,"2016-07-01 10:06:29"
FDM0008,PPE,越南电力油气咨询工程公司,购买,100,4.00,400.00,0.00,交易锁定,"2016-07-01 10:06:26"
108888,PPE,越南电力油气咨询工程公司,出售,11472,4.00,45888.00,458.88,交易锁定,"2016-07-01 10:06:24"
GHT001,PPE,越南电力油气咨询工程公司,出售,6696,4.00,26784.00,267.84,交易锁定,"2016-07-01 10:06:22"
94790556,PPE,越南电力油气咨询工程公司,出售,12497,4.00,49988.00,499.88,交易锁定,"2016-07-01 10:06:17"
K92570070,PPE,越南电力油气咨询工程公司,购买,8,4.00,32.00,0.00,交易锁定,"2016-07-01 10:05:47"
99991001,PPE,越南电力油气咨询工程公司,出售,13221,4.00,52884.00,528.84,交易锁定,"2016-07-01 10:05:46"
P9862,PPE,越南电力油气咨询工程公司,出售,1058,4.00,4232.00,42.32,交易锁定,"2016-07-01 10:05:43"
009009688,PPE,越南电力油气咨询工程公司,出售,23098,4.00,92392.00,923.92,交易锁定,"2016-07-01 10:05:36"
K73303963,PPE,越南电力油气咨询工程公司,出售,8045,4.00,32180.00,321.80,交易锁定,"2016-07-01 10:05:36"
99995188,PPE,越南电力油气咨询工程公司,购买,18018,4.00,72072.00,0.00,交易锁定,"2016-07-01 10:05:22"
88898888,PPE,越南电力油气咨询工程公司,出售,5001,4.00,20004.00,200.04,交易锁定,"2016-07-01 10:05:18"
333888,PPE,越南电力油气咨询工程公司,出售,74696,4.00,298784.00,2987.84,交易锁定,"2016-07-01 10:05:07"
ZJS005,PPE,越南电力油气咨询工程公司,出售,77930,4.00,311720.00,3117.20,交易锁定,"2016-07-01 10:05:06"
123456789,PPE,越南电力油气咨询工程公司,出售,121366,4.00,485464.00,4854.64,交易锁定,"2016-07-01 10:05:04"
ZXY003,PPE,越南电力油气咨询工程公司,出售,8610,4.00,34440.00,344.40,交易锁定,"2016-07-01 10:05:03"
35550589,PPE,越南电力油气咨询工程公司,出售,29329,4.00,117316.00,1173.16,交易锁定,"2016-07-01 10:05:03"
009009022,PPE,越南电力油气咨询工程公司,出售,8912,4.00,35648.00,356.48,交易锁定,"2016-07-01 10:04:57"
50458730,PPE,越南电力油气咨询工程公司,出售,23771,4.00,95084.00,950.84,交易锁定,"2016-07-01 10:04:55"
72417517,PPE,越南电力油气咨询工程公司,出售,229541,4.00,918164.00,9181.64,交易锁定,"2016-07-01 10:04:50"
AL688,PPE,越南电力油气咨询工程公司,出售,20319,4.00,81276.00,812.76,交易锁定,"2016-07-01 10:04:49"
33833594,PPE,越南电力油气咨询工程公司,出售,6204,4.00,24816.00,248.16,交易锁定,"2016-07-01 10:04:39"
YT17777,PPE,越南电力油气咨询工程公司,购买,10000,4.00,40000.00,0.00,交易锁定,"2016-07-01 10:04:24"
67457785,PPE,越南电力油气咨询工程公司,出售,17800,4.00,71200.00,712.00,交易锁定,"2016-07-01 10:04:16"
04447289,PPE,越南电力油气咨询工程公司,出售,26921,4.00,107684.00,1076.84,交易锁定,"2016-07-01 10:04:14"
99991001,PPE,越南电力油气咨询工程公司,出售,1469,4.00,5876.00,58.76,交易锁定,"2016-07-01 10:04:11"
93990937,HPM,皇富矿业,出售,50000,5.17,258500.00,2585.00,交易锁定,"2016-07-01 10:04:04"
952701,PPE,越南电力油气咨询工程公司,出售,36249,4.00,144996.00,1449.96,交易锁定,"2016-07-01 10:04:02"
YT55666,HPM,皇富矿业,出售,50000,5.17,258500.00,2585.00,交易锁定,"2016-07-01 10:04:01"
90333023,PPE,越南电力油气咨询工程公司,出售,58226,4.00,232904.00,2329.04,交易锁定,"2016-07-01 10:04:01"
54660462,PPE,越南电力油气咨询工程公司,出售,24660,4.00,98640.00,986.40,交易锁定,"2016-07-01 10:04:00"
81085665,HPM,皇富矿业,出售,13797,5.17,71330.49,713.30,交易锁定,"2016-07-01 10:04:00"
WXQ,HPM,皇富矿业,出售,1742,5.17,9006.14,90.06,交易锁定,"2016-07-01 10:03:57"
61106200,PPE,越南电力油气咨询工程公司,出售,66678,4.00,266712.00,2667.12,交易锁定,"2016-07-01 10:03:53"
P123456,PPE,越南电力油气咨询工程公司,出售,40028,4.00,160112.00,1601.12,交易锁定,"2016-07-01 10:03:52"
23646802,PPE,越南电力油气咨询工程公司,出售,1781,4.00,7124.00,71.24,交易锁定,"2016-07-01 10:03:49"
LHJ168,PPE,越南电力油气咨询工程公司,出售,19912,4.00,79648.00,796.48,交易锁定,"2016-07-01 10:03:41"
07845209,HPM,皇富矿业,出售,15000,5.17,77550.00,775.50,交易锁定,"2016-07-01 10:03:41"
009009808,PPE,越南电力油气咨询工程公司,出售,2233,4.00,8932.00,89.32,交易锁定,"2016-07-01 10:03:34"
WFR001,PPE,越南电力油气咨询工程公司,出售,14708,4.00,58832.00,588.32,交易锁定,"2016-07-01 10:03:25"
666888,PPE,越南电力油气咨询工程公司,出售,21581,4.00,86324.00,863.24,交易锁定,"2016-07-01 10:03:25"
73184438,PPE,越南电力油气咨询工程公司,出售,6200,4.00,24800.00,248.00,交易锁定,"2016-07-01 10:03:11"
24762848,PPE,越南电力油气咨询工程公司,购买,30000,4.00,120000.00,0.00,交易锁定,"2016-07-01 10:03:11"
31300202,PPE,越南电力油气咨询工程公司,出售,128500,4.00,514000.00,5140.00,交易锁定,"2016-07-01 10:03:11"
YT6655,PPE,越南电力油气咨询工程公司,购买,16754,4.00,67016.00,0.00,交易锁定,"2016-07-01 10:03:11"
YT9917,PPE,越南电力油气咨询工程公司,购买,2000,4.00,8000.00,0.00,交易锁定,"2016-07-01 10:03:01"
9681,PPE,越南电力油气咨询工程公司,购买,3200,4.00,12800.00,0.00,交易锁定,"2016-07-01 10:03:00"
37001836,PPE,越南电力油气咨询工程公司,购买,388,4.00,1552.00,0.00,交易锁定,"2016-07-01 10:02:50"
00100888,PPE,越南电力油气咨询工程公司,出售,8258,4.00,33032.00,330.32,交易锁定,"2016-07-01 10:02:46"
36002263,PPE,越南电力油气咨询工程公司,出售,286786,4.02,1152879.72,11528.80,交易锁定,"2016-07-01 10:02:42"
zrl998,PPE,越南电力油气咨询工程公司,购买,1500,4.00,6000.00,0.00,交易锁定,"2016-07-01 10:02:40"
70358863,PPE,越南电力油气咨询工程公司,购买,278,4.00,1112.00,0.00,交易锁定,"2016-07-01 10:02:40"
6700088,PPE,越南电力油气咨询工程公司,购买,9763,4.00,39052.00,0.00,交易锁定,"2016-07-01 10:02:38"
186881,PPE,越南电力油气咨询工程公司,出售,96579,4.00,386316.00,3863.16,交易锁定,"2016-07-01 10:02:38"
XXE003,PPE,越南电力油气咨询工程公司,出售,6726,4.00,26904.00,269.04,交易锁定,"2016-07-01 10:02:36"
78083793,PPE,越南电力油气咨询工程公司,出售,40500,4.00,162000.00,1620.00,交易锁定,"2016-07-01 10:02:35"
00100107,PPE,越南电力油气咨询工程公司,出售,2109687,4.00,8438748.00,84387.48,交易锁定,"2016-07-01 10:02:34"
05398568,PPE,越南电力油气咨询工程公司,出售,193037,4.00,772148.00,7721.48,交易锁定,"2016-07-01 10:02:33"
00100165,PPE,越南电力油气咨询工程公司,出售,156110,4.00,624440.00,6244.40,交易锁定,"2016-07-01 10:02:31"
99996127,PPE,越南电力油气咨询工程公司,出售,38408,4.00,153632.00,1536.32,交易锁定,"2016-07-01 10:02:31"
9556677,PPE,越南电力油气咨询工程公司,出售,531607,4.00,2126428.00,21264.28,交易锁定,"2016-07-01 10:02:31"
LYH001,PPE,越南电力油气咨询工程公司,出售,42359,4.00,169436.00,1694.36,交易锁定,"2016-07-01 10:02:30"
K92570070,PPE,越南电力油气咨询工程公司,购买,1474,4.00,5896.00,0.00,交易锁定,"2016-07-01 10:02:29"
52712506,PPE,越南电力油气咨询工程公司,出售,3534,4.00,14136.00,141.36,交易锁定,"2016-07-01 10:02:29"
P71019972,PPE,越南电力油气咨询工程公司,购买,1,4.00,4.00,0.00,交易锁定,"2016-07-01 10:02:27"
zrl998,PPE,越南电力油气咨询工程公司,购买,1500,4.00,6000.00,0.00,交易锁定,"2016-07-01 10:02:26"
20160326,PPE,越南电力油气咨询工程公司,出售,4000,4.00,16000.00,160.00,交易锁定,"2016-07-01 10:02:25"
67867888,PPE,越南电力油气咨询工程公司,出售,73358,4.00,293432.00,2934.32,交易锁定,"2016-07-01 10:02:25"
ZQM001,PPE,越南电力油气咨询工程公司,出售,18268,4.00,73072.00,730.72,交易锁定,"2016-07-01 10:02:24"
CXH001,PPE,越南电力油气咨询工程公司,出售,20000,4.02,80400.00,804.00,交易锁定,"2016-07-01 10:02:22"
0071150,PPE,越南电力油气咨询工程公司,出售,41527,4.00,166108.00,1661.08,交易锁定,"2016-07-01 10:02:20"
P39374457,PPE,越南电力油气咨询工程公司,出售,56570,4.02,227411.40,2274.11,交易锁定,"2016-07-01 10:02:18"
9258899,PPE,越南电力油气咨询工程公司,出售,22827,4.00,91308.00,913.08,交易锁定,"2016-07-01 10:02:16"
99993001,PPE,越南电力油气咨询工程公司,出售,301781,4.00,1207124.00,12071.24,交易锁定,"2016-07-01 10:02:16"
02139918,PPE,越南电力油气咨询工程公司,出售,663929,4.00,2655716.00,26557.16,交易锁定,"2016-07-01 10:02:15"
19819899,PPE,越南电力油气咨询工程公司,出售,1281,4.00,5124.00,51.24,交易锁定,"2016-07-01 10:02:14"
18192006,PPE,越南电力油气咨询工程公司,出售,70000,4.00,280000.00,2800.00,交易锁定,"2016-07-01 10:02:12"
P84544197,PPE,越南电力油气咨询工程公司,出售,69185,4.00,276740.00,2767.40,交易锁定,"2016-07-01 10:02:12"
99993002,PPE,越南电力油气咨询工程公司,出售,81581,4.00,326324.00,3263.24,交易锁定,"2016-07-01 10:02:12"
YT195888,PPE,越南电力油气咨询工程公司,购买,8000,4.00,32000.00,0.00,交易锁定,"2016-07-01 10:02:11"
YT19999,PPE,越南电力油气咨询工程公司,购买,2562,4.00,10248.00,0.00,交易锁定,"2016-07-01 10:02:10"
2016,PPE,越南电力油气咨询工程公司,出售,1551,4.00,6204.00,62.04,交易锁定,"2016-07-01 10:02:09"
01941179,PPE,越南电力油气咨询工程公司,出售,49854,4.02,200413.08,2004.13,交易锁定,"2016-07-01 10:02:07"
yt030,PPE,越南电力油气咨询工程公司,购买,25508,4.02,102542.16,0.00,交易锁定,"2016-07-01 10:02:06"
8244314,PPE,越南电力油气咨询工程公司,出售,2778,4.02,11167.56,111.68,交易锁定,"2016-07-01 10:02:06"
XXE006,PPE,越南电力油气咨询工程公司,出售,13742,4.02,55242.84,552.43,交易锁定,"2016-07-01 10:02:05"
08144127,PPE,越南电力油气咨询工程公司,出售,4804,4.02,19312.08,193.12,交易锁定,"2016-07-01 10:02:04"
GQ001,PPE,越南电力油气咨询工程公司,出售,90000,4.02,361800.00,3618.00,交易锁定,"2016-07-01 10:02:04"
P92269338,PPE,越南电力油气咨询工程公司,出售,28969,4.02,116455.38,1164.55,交易锁定,"2016-07-01 10:02:02"
WJL003,PPE,越南电力油气咨询工程公司,出售,250000,4.02,1005000.00,10050.00,交易锁定,"2016-07-01 10:02:01"
51819999,PPE,越南电力油气咨询工程公司,出售,24910,4.02,100138.20,1001.38,交易锁定,"2016-07-01 10:02:01"
12812899,PPE,越南电力油气咨询工程公司,出售,1000,4.02,4020.00,40.20,交易锁定,"2016-07-01 10:02:01"
93457475,PPE,越南电力油气咨询工程公司,出售,103547,4.02,416258.94,4162.59,交易锁定,"2016-07-01 10:02:00"
009009886,PPE,越南电力油气咨询工程公司,出售,2774,4.02,11151.48,111.51,交易锁定,"2016-07-01 10:01:55"
FSL001,PPE,越南电力油气咨询工程公司,购买,3000,4.02,12060.00,0.00,交易锁定,"2016-07-01 10:01:54"
126881,PPE,越南电力油气咨询工程公司,出售,18198,4.02,73155.96,731.56,交易锁定,"2016-07-01 10:01:50"
00900988,PPE,越南电力油气咨询工程公司,出售,68240,4.02,274324.80,2743.25,交易锁定,"2016-07-01 10:01:49"
zrl998,PPE,越南电力油气咨询工程公司,购买,1500,4.02,6030.00,0.00,交易锁定,"2016-07-01 10:01:46"
100003,PPE,越南电力油气咨询工程公司,出售,7376,4.02,29651.52,296.52,交易锁定,"2016-07-01 10:01:42"
00100129,PPE,越南电力油气咨询工程公司,出售,230592,4.02,926979.84,9269.80,交易锁定,"2016-07-01 10:01:36"
YT5557,PPE,越南电力油气咨询工程公司,购买,20000,4.02,80400.00,0.00,交易锁定,"2016-07-01 10:01:33"
009009009,PPE,越南电力油气咨询工程公司,出售,47821,4.02,192240.42,1922.40,交易锁定,"2016-07-01 10:01:33"
12812899,PPE,越南电力油气咨询工程公司,出售,1000,4.02,4020.00,40.20,交易锁定,"2016-07-01 10:01:22"
81570112,PPE,越南电力油气咨询工程公司,出售,24239,4.02,97440.78,974.41,交易锁定,"2016-07-01 10:01:20"
33061678,PPE,越南电力油气咨询工程公司,出售,26225,4.02,105424.50,1054.25,交易锁定,"2016-07-01 10:01:17"
70677989,PPE,越南电力油气咨询工程公司,出售,24234,4.02,97420.68,974.21,交易锁定,"2016-07-01 10:01:12"
84261308,PPE,越南电力油气咨询工程公司,出售,31625,4.02,127132.50,1271.33,交易锁定,"2016-07-01 10:01:11"
96649337,PPE,越南电力油气咨询工程公司,出售,45875,4.02,184417.50,1844.18,交易锁定,"2016-07-01 10:01:11"
YT1699,PPE,越南电力油气咨询工程公司,购买,20640,4.02,82972.80,0.00,交易锁定,"2016-07-01 10:01:09"
009009366,PPE,越南电力油气咨询工程公司,出售,9541,4.02,38354.82,383.55,交易锁定,"2016-07-01 10:01:06"
12812899,PPE,越南电力油气咨询工程公司,出售,1000,4.02,4020.00,40.20,交易锁定,"2016-07-01 10:01:05"
563,PPE,越南电力油气咨询工程公司,出售,21991,4.02,88403.82,884.04,交易锁定,"2016-07-01 10:01:04"
96456223,PPE,越南电力油气咨询工程公司,出售,27435,4.02,110288.70,1102.89,交易锁定,"2016-07-01 10:01:01"
WHL1980,PPE,越南电力油气咨询工程公司,购买,12998,4.02,52251.96,0.00,交易锁定,"2016-07-01 10:00:58"
009009111,PPE,越南电力油气咨询工程公司,出售,16554,4.02,66547.08,665.47,交易锁定,"2016-07-01 10:00:58"
00900955,PPE,越南电力油气咨询工程公司,出售,30424,4.02,122304.48,1223.04,交易锁定,"2016-07-01 10:00:55"
009009138,PPE,越南电力油气咨询工程公司,出售,115280,4.02,463425.60,4634.26,交易锁定,"2016-07-01 10:00:54"
00900905,PPE,越南电力油气咨询工程公司,出售,227000,4.02,912540.00,9125.40,交易锁定,"2016-07-01 10:00:53"
HUANG168,PPE,越南电力油气咨询工程公司,出售,26948,4.02,108330.96,1083.31,交易锁定,"2016-07-01 10:00:45"
70677988,PPE,越南电力油气咨询工程公司,出售,37926,4.02,152462.52,1524.63,交易锁定,"2016-07-01 10:00:43"
009009008,PPE,越南电力油气咨询工程公司,出售,521962,4.02,2098287.24,20982.87,交易锁定,"2016-07-01 10:00:42"
18818899,PPE,越南电力油气咨询工程公司,出售,18127,4.02,72870.54,728.71,交易锁定,"2016-07-01 10:00:38"
GQ001,PPE,越南电力油气咨询工程公司,出售,200000,4.02,804000.00,8040.00,交易锁定,"2016-07-01 10:00:38"
00900900,PPE,越南电力油气咨询工程公司,出售,49511,4.02,199034.22,1990.34,交易锁定,"2016-07-01 10:00:35"
16881123,PPE,越南电力油气咨询工程公司,出售,28307,4.02,113794.14,1137.94,交易锁定,"2016-07-01 10:00:34"
LYJ123,PPE,越南电力油气咨询工程公司,出售,360159,4.02,1447839.18,14478.39,交易锁定,"2016-07-01 10:00:31"
00900966,PPE,越南电力油气咨询工程公司,出售,94506,4.02,379914.12,3799.14,交易锁定,"2016-07-01 10:00:19"
5709222,PPE,越南电力油气咨询工程公司,购买,946,4.02,3802.92,0.00,交易锁定,"2016-07-01 10:00:02"
